"Time (s)","X (m/s^2)","Y (m/s^2)","Z (m/s^2)"
-1.010874999E-3,-1.901046753E-1,1.131197662E0,8.604107666E0
9.026125001E-3,-2.960842896E-1,7.803273010E-1,9.608818359E0
1.906312500E-2,1.124311981E0,6.474037170E-1,9.739047546E0
2.910012500E-2,1.004561005E0,5.689668274E-1,1.017733612E1
3.913712500E-2,7.304809570E-1,5.722599792E-1,1.049093399E1
4.917412500E-2,6.370751953E-1,6.243516541E-1,1.049273026E1
5.921112500E-2,5.948629761E-1,5.439688110E-1,1.009889923E1
6.924812500E-2,6.644682312E-1,5.468128967E-1,9.637558594E0
7.928512500E-2,6.957531738E-1,5.056484985E-1,9.396110687E0
8.932212500E-2,7.716453552E-1,7.363188171E-1,9.581125946E0
9.935912500E-2,7.821235657E-1,8.419990540E-1,9.815987549E0
1.093961250E-1,7.934999084E-1,9.696835327E-1,9.640851746E0
1.194331250E-1,6.176156616E-1,1.016985168E0,9.308243408E0
1.294701250E-1,6.569837952E-1,9.455836487E-1,9.339378662E0
1.395071250E-1,7.110214233E-1,9.048683167E-1,9.393266602E0
1.495441250E-1,7.562274170E-1,8.652008057E-1,9.336534576E0
1.595811250E-1,8.470884705E-1,8.370593262E-1,9.484876099E0
1.696181250E-1,5.643264771E-1,6.180647278E-1,9.044342194E0
1.796551250E-1,1.040486298E0,6.083349609E-1,9.117689667E0
1.896921250E-1,1.237776031E0,5.298980713E-1,1.015293686E1
1.997291250E-1,1.082848206E0,5.075944519E-1,1.021311172E1
2.097661250E-1,1.005010071E0,7.331753540E-1,9.950557709E0
2.198031250E-1,9.030720520E-1,8.137078857E-1,9.874216461E0
2.298411250E-1,9.032217407E-1,8.249345398E-1,9.859247589E0
2.398781250E-1,9.940827942E-1,9.247769165E-1,1.017658768E1
2.499151250E-1,1.019380188E0,8.996292114E-1,1.053988220E1
2.599521250E-1,9.493258667E-1,8.143066406E-1,1.084135529E1
2.699891250E-1,9.788145447E-1,6.309379578E-1,1.118339401E1
2.800261250E-1,1.162332916E0,4.543052673E-1,1.131452133E1
2.900631250E-1,1.268761597E0,4.650828552E-1,1.171912994E1
3.001001250E-1,1.411115570E0,6.393205261E-1,1.211445786E1
3.101371250E-1,1.488504639E0,9.630972290E-1,1.194755493E1
3.201741250E-1,1.403780823E0,1.209185486E0,1.159339142E1
3.302111250E-1,1.324296112E0,1.231040039E0,1.165985321E1
3.402481250E-1,1.343007202E0,1.130449219E0,1.180235687E1
3.502851250E-1,1.400337982E0,9.854008484E-1,1.178978302E1
3.603221250E-1,1.617087250E0,8.405021667E-1,1.168589905E1
3.703591250E-1,1.972298584E0,6.680607605E-1,1.115525253E1
3.803961250E-1,2.398162994E0,5.463638306E-1,1.060320053E1
3.904331250E-1,2.848127289E0,5.418731689E-1,1.013721954E1
4.004701250E-1,3.862567749E0,6.369255066E-1,8.828940125E0
4.105071250E-1,4.377496948E0,5.623805237E-1,7.765401764E0
4.205441250E-1,4.391118622E0,5.766009521E-1,7.459438019E0
4.305811250E-1,4.101470947E0,5.767506409E-1,7.070397034E0
4.406181250E-1,3.969894562E0,4.300556946E-1,6.916966095E0
4.506551250E-1,4.615502014E0,1.255888367E-1,6.387666779E0
4.606921250E-1,5.244044952E0,-2.811154175E-1,6.170169067E0
4.707291250E-1,6.246061249E0,-4.222718811E-1,6.484216003E0
4.807661250E-1,7.283104706E0,-9.580078125E-2,6.501729584E0
4.908031250E-1,7.940238190E0,4.543052673E-1,6.652615814E0
5.008401250E-1,8.417146454E0,9.261241150E-1,6.433920593E0
5.108771250E-1,8.443491669E0,1.256038055E0,5.671256561E0
5.209141250E-1,8.282426605E0,1.394500122E0,4.618046722E0
5.309511250E-1,7.687114563E0,1.183139648E0,2.398013306E0
5.409881250E-1,7.311844940E0,6.001020813E-1,-2.432441711E-1
5.510251250E-1,7.645351410E0,-1.661544800E-1,-2.763852539E0
5.610621250E-1,7.975864105E0,-2.796185303E-1,-3.229085083E0
5.710991250E-1,8.322094116E0,1.279838562E-1,-1.899400177E0
5.811361250E-1,8.885522461E0,5.965095520E-1,-9.806108093E-1
5.911731250E-1,9.624385986E0,7.768844604E-1,-9.181906128E-1
6.012101250E-1,1.001806732E1,6.274951172E-1,-1.077309723E0
6.112471250E-1,9.768835602E0,1.453477478E-1,-8.505313110E-1
6.212841250E-1,9.227112122E0,-6.691085815E-2,-1.654060364E-1
6.313211250E-1,8.659791870E0,-9.834548950E-2,4.079017639E-1
6.413581250E-1,8.668473816E0,9.131011963E-2,1.453327789E0
6.513951250E-1,9.115743713E0,1.490899658E-1,2.269430695E0
6.614321250E-1,9.481582947E0,5.179229736E-2,2.683769073E0
6.714691250E-1,1.021879990E1,3.129991150E-1,2.867137756E0
6.815061250E-1,1.044063858E1,5.510041809E-1,1.516646118E0
6.915431250E-1,9.903405762E0,3.088078308E-1,4.825964355E-1
7.015801250E-1,9.841284943E0,3.475772095E-1,2.263293457E-1
7.116171250E-1,9.814939728E0,3.841012573E-1,-1.170565796E-1
7.216541250E-1,9.955347748E0,2.091151428E-1,-4.951702881E-1
7.316911250E-1,9.874665527E0,5.538482666E-3,-6.539900208E-1
7.417291250E-1,9.663155365E0,2.384541321E-1,6.212081909E-2
7.517661250E-1,9.854158173E0,6.608757019E-1,1.019230499E0
7.618031250E-1,1.016970200E1,8.611592102E-1,1.805994415E0
7.718401250E-1,1.015084122E1,7.042854309E-1,2.084415436E0
7.818771250E-1,1.003902374E1,3.056643677E-1,1.773811340E0
7.919141250E-1,1.003004242E1,1.959425354E-1,1.439855804E0
8.019511250E-1,1.021805145E1,5.180726624E-1,1.116528168E0
8.119881250E-1,9.889933777E0,5.861810303E-1,1.017883301E0
8.220251250E-1,8.647367706E0,-4.141886902E-1,1.212927704E0
8.320621250E-1,8.753796387E0,-5.391787720E-1,1.310524750E0
8.421021250E-1,8.947792969E0,-2.073188782E-1,1.181493073E0
8.521391250E-1,8.970096588E0,-2.544708252E-3,1.143472137E0
8.621761250E-1,8.788973236E0,2.351609802E-1,1.230291595E0
8.722131250E-1,8.598120117E0,5.161267090E-1,1.462458801E0
8.822501250E-1,8.832532654E0,6.857240295E-1,1.392404480E0
8.922871250E-1,9.057814178E0,6.658154297E-1,1.400337982E0
9.023241250E-1,9.178612976E0,6.836283875E-1,1.525777130E0
9.123611250E-1,9.331145782E0,6.927593994E-1,1.582958221E0
9.223981250E-1,9.660460968E0,6.727011108E-1,1.692530365E0
9.324351250E-1,9.969418488E0,6.069877625E-1,1.794169006E0
9.424721250E-1,1.018452118E1,3.766168213E-1,2.030826874E0
9.525091250E-1,1.039872574E1,1.422042847E-1,2.362537079E0
9.625461250E-1,1.023197250E1,-3.278182983E-2,2.528990936E0
9.725831250E-1,1.002076172E1,-3.847000122E-2,2.579585724E0
9.826201250E-1,9.873318329E0,1.043330383E-1,2.473755798E0
9.926571250E-1,9.662107544E0,2.330653381E-1,2.240989838E0
1.002694125E0,9.487420807E0,3.260220337E-1,2.062111816E0
1.012731125E0,9.461524658E0,4.117936707E-1,1.913171539E0
1.022768125E0,9.510472870E0,4.881349182E-1,1.766177216E0
1.032805125E0,9.549242249E0,5.339396667E-1,1.655557251E0
1.042842125E0,9.524543610E0,5.189707947E-1,1.634002075E0
1.052879125E0,9.460027771E0,4.577481079E-1,1.616787872E0
1.062916125E0,9.409432983E0,3.767665100E-1,1.608854370E0
1.072953125E0,9.413624268E0,3.421884155E-1,1.601819000E0
1.082990125E0,9.455836487E0,3.447331238E-1,1.596280518E0
1.093027125E0,9.500443726E0,3.719764709E-1,1.637295227E0
1.103064125E0,9.504934387E0,4.164340210E-1,1.728455658E0
1.113101125E0,9.481732635E0,4.809498596E-1,1.852248230E0
1.123138125E0,9.499395905E0,5.351371765E-1,2.027234344E0
1.133175125E0,9.514514465E0,5.776487732E-1,2.168241119E0
1.143212125E0,9.524393921E0,5.572911072E-1,2.185455322E0
1.153249125E0,9.564360809E0,4.881349182E-1,2.155218201E0
1.163286125E0,9.605375519E0,4.403842163E-1,2.049687653E0
1.173323125E0,9.613309021E0,4.396357727E-1,1.959275665E0
1.183361125E0,9.613009644E0,4.658312988E-1,1.904938660E0
1.193398125E0,9.568701782E0,4.912783813E-1,1.890867920E0
1.203435125E0,9.499695282E0,4.884342957E-1,1.908680878E0
1.213472125E0,9.447753296E0,4.855902100E-1,1.910028076E0
1.223509125E0,9.455237732E0,4.802014160E-1,1.845362549E0
1.233546125E0,9.477541351E0,4.547543335E-1,1.805545349E0
1.243583125E0,9.519753571E0,3.842509460E-1,1.798060913E0
1.253620125E0,9.561965790E0,3.200344849E-1,1.828747101E0
1.263657125E0,9.568701782E0,2.817141724E-1,1.874402161E0
1.273694125E0,9.534872131E0,2.330653381E-1,1.928739166E0
1.283731125E0,9.464219055E0,1.954934692E-1,2.017205200E0
1.293768125E0,9.431586914E0,1.788780212E-1,2.159559174E0
1.303805125E0,9.445358276E0,1.601669312E-1,2.310295715E0
1.313842125E0,9.492510223E0,1.459465027E-1,2.501747589E0
1.323879125E0,9.552385712E0,1.296304321E-1,2.694546661E0
1.333916125E0,9.570647736E0,1.181044006E-1,2.825823669E0
1.343953125E0,9.581425323E0,9.325607300E-2,2.879561920E0
1.353990125E0,9.596543884E0,4.071533203E-2,2.844385071E0
1.364027125E0,9.604477386E0,-2.604583740E-2,2.753973083E0
1.374064125E0,9.615704041E0,-8.756790161E-2,2.633623352E0
1.384101125E0,9.605225830E0,-1.534309387E-1,2.524200897E0
1.394138125E0,9.621092834E0,-1.951940918E-1,2.394121399E0
1.404175125E0,9.615254974E0,-1.866618347E-1,2.301613770E0
1.414212125E0,9.589807892E0,-1.407073975E-1,2.199825439E0
1.424249125E0,9.538314972E0,-2.095642090E-2,2.144290924E0
1.434286125E0,9.490863647E0,1.161584473E-1,2.097887421E0
1.444323125E0,9.453890533E0,2.264790344E-1,2.110610962E0
1.454360125E0,9.436227264E0,3.095562744E-1,2.159708862E0
1.464397125E0,9.437424774E0,3.510200500E-1,2.219135284E0
1.474434125E0,9.474846954E0,3.466790771E-1,2.287243652E0
1.484471125E0,9.534273376E0,3.477268982E-1,2.341730347E0
1.494508125E0,9.591903534E0,2.757266235E-1,2.447709961E0
1.504545125E0,9.624835052E0,7.304809570E-2,2.572101288E0
1.514582125E0,9.646090851E0,-6.496490479E-2,2.594105530E0
1.524619125E0,9.624086609E0,-5.313949585E-2,2.495161285E0
1.534656125E0,9.564211121E0,-3.113525391E-2,2.364782410E0
1.544693125E0,9.520052948E0,-1.930984497E-2,2.302661591E0
1.554730125E0,9.499695282E0,3.038681030E-2,2.288590851E0
1.564767125E0,9.502689056E0,1.529818726E-1,2.264790344E0
1.574804125E0,9.486522675E0,3.270698547E-1,2.245031433E0
1.584841125E0,9.499395905E0,3.963757324E-1,2.212848358E0
1.594878125E0,9.510921936E0,3.106040955E-1,2.148931274E0
1.604915125E0,9.487869873E0,2.249821472E-1,2.127974854E0
1.614953125E0,9.508077850E0,2.100132751E-1,2.166744232E0
1.624990125E0,9.530381470E0,1.648072815E-1,2.211351471E0
1.635027125E0,9.559271393E0,1.332229614E-2,2.235002289E0
1.645064125E0,9.545200653E0,-1.073268127E-1,2.165846100E0
1.655101125E0,9.500593414E0,-8.786727905E-2,2.062261505E0
1.665138125E0,9.487271118E0,-4.775070190E-2,1.977986755E0
1.675175125E0,9.503886566E0,8.681945801E-3,1.919458466E0
1.685212125E0,9.523944855E0,7.798782349E-2,1.905387726E0
1.695249125E0,9.523795166E0,1.574725342E-1,1.951641541E0
1.705286125E0,9.509574738E0,2.366578674E-1,2.017354889E0
1.715323125E0,9.548044739E0,2.950364685E-1,2.077230377E0
1.725360125E0,9.585017853E0,3.297642517E-1,2.114203491E0
1.735397125E0,9.626930695E0,3.324586487E-1,2.127675476E0
1.745434125E0,9.694739685E0,3.312611389E-1,2.114203491E0
1.755471125E0,9.755662994E0,3.025209045E-1,2.030377808E0
1.765508125E0,9.755363617E0,2.511776733E-1,1.910776520E0
1.775545125E0,9.702074432E0,1.790277100E-1,1.815275116E0
1.785582125E0,9.655371552E0,1.601669312E-1,1.771116943E0
1.795619125E0,9.635612640E0,1.616638184E-1,1.775158539E0
1.805656125E0,9.636810150E0,1.480421448E-1,1.830393677E0
1.815693125E0,9.624236298E0,1.052311707E-1,1.873653717E0
1.825730125E0,9.589209137E0,6.960525513E-2,1.896855469E0
1.835763125E0,9.529034271E0,8.741821289E-2,1.956431580E0
1.845800125E0,9.441765747E0,1.248403931E-1,2.025737457E0
1.855837125E0,9.394913177E0,1.463955688E-1,2.091600494E0
1.865874125E0,9.393266602E0,1.661544800E-1,2.085313568E0
1.875911125E0,9.443262634E0,1.703457642E-1,1.994602203E0
1.885948125E0,9.447154541E0,1.740879822E-1,1.909279633E0
1.895985125E0,9.457333374E0,1.523831177E-1,1.846560059E0
1.906022125E0,9.486522675E0,1.505868530E-1,1.793121185E0
1.916059125E0,9.517059174E0,1.926493835E-1,1.738185425E0
1.926096125E0,9.531429291E0,2.174977112E-1,1.746867371E0
1.936133125E0,9.528884583E0,1.927990723E-1,1.806443481E0
1.946170125E0,9.517208862E0,1.565744019E-1,1.783840485E0
1.956207125E0,9.474248199E0,1.309776306E-1,1.738335114E0
1.966244125E0,9.479337616E0,1.228944397E-1,1.692081299E0
1.976281125E0,9.484277344E0,1.275347900E-1,1.705403595E0
1.986318125E0,9.513915710E0,8.053253174E-2,1.776954803E0
1.996355125E0,9.592801666E0,1.811233521E-2,1.882635040E0
2.006392125E0,9.646390228E0,6.735992432E-3,2.007625122E0
2.016429125E0,9.697883148E0,1.511856079E-2,2.076931000E0
2.026466125E0,9.729916534E0,3.951782227E-2,2.064357147E0
2.036504125E0,9.709558868E0,9.310638428E-2,2.059866486E0
2.046541125E0,9.633816376E0,1.004411316E-1,2.077978821E0
2.056578125E0,9.542057190E0,9.624984741E-2,2.073787537E0
2.066615125E0,9.503886566E0,1.543290710E-1,2.050585785E0
2.076652125E0,9.532028046E0,2.263293457E-1,2.007774811E0
2.086689125E0,9.568402405E0,2.917433167E-1,1.879192200E0
2.096726125E0,9.592202911E0,3.388952637E-1,1.732946320E0
2.106763125E0,9.569300537E0,3.626957703E-1,1.635349274E0
2.116800125E0,9.519304504E0,3.682342529E-1,1.598226471E0
2.126837125E0,9.503587189E0,3.278182983E-1,1.607507172E0
2.136874125E0,9.533824310E0,2.426454163E-1,1.628463593E0
2.146911125E0,9.565408630E0,1.622625732E-1,1.691482544E0
2.156948125E0,9.628128204E0,1.315763855E-1,1.816622314E0
2.166985125E0,9.705367584E0,1.486408997E-1,1.939965820E0
2.177022125E0,9.752968597E0,1.989363098E-1,2.003134460E0
2.187059125E0,9.767638092E0,2.282752991E-1,2.051483917E0
2.197096125E0,9.791588287E0,2.433938599E-1,2.065255280E0
2.207133125E0,9.812844086E0,2.607577515E-1,2.076182556E0
2.217170125E0,9.823322296E0,2.555186462E-1,2.063009949E0
2.227207125E0,9.798473969E0,2.502795410E-1,2.022144928E0
2.237244125E0,9.753118286E0,2.432441711E-1,1.949545898E0
2.247281125E0,9.690099335E0,2.448907471E-1,1.862576752E0
2.257318125E0,9.630523224E0,2.691403198E-1,1.788630524E0
2.267355125E0,9.593699799E0,2.817141724E-1,1.684596863E0
2.277392125E0,9.539063416E0,2.731819153E-1,1.546883240E0
2.287429125E0,9.474248199E0,2.829116821E-1,1.391955414E0
2.297466125E0,9.393565979E0,2.906954956E-1,1.205143890E0
2.307503125E0,9.337283020E0,3.209326172E-1,1.128203888E0
2.317540125E0,9.338929596E0,3.150947571E-1,1.140777740E0
2.327577125E0,9.392518158E0,2.830613708E-1,1.243613892E0
2.337614125E0,9.470206604E0,2.624043274E-1,1.382525024E0
2.347651125E0,9.551936646E0,2.523751831E-1,1.533560944E0
2.357688125E0,9.622589722E0,2.688409424E-1,1.601968689E0
2.367725125E0,9.631271667E0,2.622546387E-1,1.645677795E0
2.377762125E0,9.625134430E0,2.758763123E-1,1.694775696E0
2.387799125E0,9.626182251E0,3.067121887E-1,1.722019043E0
2.397836125E0,9.646539917E0,3.282673645E-1,1.719474335E0
2.407873125E0,9.669292603E0,3.257226562E-1,1.702409821E0
2.417910125E0,9.684111786E0,3.162922668E-1,1.652563477E0
2.427947125E0,9.711953888E0,3.079096985E-1,1.566492462E0
2.437984125E0,9.720785522E0,2.836601257E-1,1.504371643E0
2.448021125E0,9.688602448E0,2.537223816E-1,1.459165649E0
2.458059125E0,9.623188477E0,2.609074402E-1,1.418150940E0
2.468096125E0,9.557026062E0,2.624043274E-1,1.406475220E0
2.478133125E0,9.514664154E0,2.541714478E-1,1.384770355E0
2.488170125E0,9.498647461E0,2.534230042E-1,1.343306580E0
2.498207125E0,9.488468628E0,2.309696960E-1,1.377136230E0
2.508244125E0,9.475445709E0,2.179467773E-1,1.455573120E0
2.518281125E0,9.468410339E0,2.412982178E-1,1.531764679E0
2.528318125E0,9.522597656E0,2.468367004E-1,1.583407288E0
2.538355125E0,9.609716492E0,2.396516418E-1,1.624122620E0
2.548392125E0,9.712253265E0,2.131567383E-1,1.719773712E0
2.558429125E0,9.804012451E0,1.830693054E-1,1.801803131E0
2.568466125E0,9.887089691E0,1.601669312E-1,1.885479126E0
2.578503125E0,9.931547241E0,1.935475159E-1,1.961820374E0
2.588540125E0,9.915231171E0,2.362088013E-1,1.986519012E0
2.598577125E0,9.801617432E0,2.746788025E-1,1.923649750E0
2.608614125E0,9.644743652E0,3.062631226E-1,1.792372742E0
2.618651125E0,9.513167267E0,2.975811768E-1,1.615440674E0
2.628688125E0,9.440568237E0,2.380050659E-1,1.454225922E0
2.638725125E0,9.436826019E0,1.586700439E-1,1.338815918E0
2.648762125E0,9.477241974E0,1.058299255E-1,1.227746887E0
2.658799125E0,9.478439484E0,6.825805664E-2,1.138831787E0
2.668836125E0,9.441466370E0,5.074447632E-2,1.109043732E0
2.678873125E0,9.399403839E0,3.203338623E-2,1.139580231E0
2.688910125E0,9.378447418E0,7.334747314E-3,1.239871674E0
2.698947125E0,9.404343567E0,3.921844482E-2,1.390757904E0
2.708984125E0,9.463021545E0,1.080752563E-1,1.537602539E0
2.719021125E0,9.531129913E0,1.821711731E-1,1.622925110E0
2.729058125E0,9.566007385E0,2.357597351E-1,1.676663361E0
2.739095125E0,9.558373260E0,2.502795410E-1,1.762584686E0
2.749132125E0,9.545500031E0,2.189945984E-1,1.842668152E0
2.759169125E0,9.558672638E0,1.570234680E-1,1.861079865E0
2.769206125E0,9.574839020E0,1.043330383E-1,1.812580719E0
2.779243125E0,9.595046997E0,9.011260986E-2,1.735790405E0
2.789280125E0,9.658515015E0,8.292755127E-2,1.635199585E0
2.799317125E0,9.738448792E0,7.110214233E-2,1.492695923E0
2.809354125E0,9.741592255E0,8.846603394E-2,1.403930511E0
2.819391125E0,9.724827118E0,1.104702759E-1,1.440304871E0
2.829428125E0,9.696386261E0,1.459465027E-1,1.559307404E0
2.839465625E0,9.706864471E0,1.800755310E-1,1.663790131E0
2.849502625E0,9.759105835E0,2.314187622E-1,1.720522156E0
2.859539625E0,9.790091400E0,3.050656128E-1,1.697021027E0
2.869576625E0,9.801018677E0,3.749702454E-1,1.704056396E0
2.879614625E0,9.782906342E0,3.579057312E-1,1.760788422E0
2.889651625E0,9.753267975E0,2.894979858E-1,1.841620331E0
2.899688625E0,9.681417389E0,2.146536255E-1,1.888772278E0
2.909725625E0,9.605525208E0,1.675016785E-1,1.875300293E0
2.919762625E0,9.553433533E0,1.681004333E-1,1.833537140E0
2.929799625E0,9.523346100E0,1.758842468E-1,1.721869354E0
2.939836625E0,9.486672363E0,1.851649475E-1,1.576671295E0
2.949873625E0,9.445208588E0,1.969903564E-1,1.448687439E0
2.959910625E0,9.425898743E0,2.056723022E-1,1.374591522E0
2.969947625E0,9.432185669E0,1.995350647E-1,1.347797241E0
2.979984625E0,9.440418549E0,2.011816406E-1,1.350491638E0
2.990021625E0,9.460925903E0,1.916015625E-1,1.412013702E0
3.000058625E0,9.509275360E0,2.086660767E-1,1.495689697E0
3.010095625E0,9.555229797E0,2.378553772E-1,1.622026978E0
3.020132625E0,9.617949371E0,2.478845215E-1,1.742825775E0
3.030169625E0,9.677824860E0,2.305206299E-1,1.805994415E0
3.040206625E0,9.718240814E0,2.179467773E-1,1.809736633E0
3.050243625E0,9.754315796E0,2.204914856E-1,1.809736633E0
3.060280625E0,9.795779572E0,2.124082947E-1,1.786085815E0
3.070317625E0,9.811796265E0,1.953437805E-1,1.797013092E0
3.080354625E0,9.793085175E0,1.818717957E-1,1.801054688E0
3.090391625E0,9.740694122E0,1.914518738E-1,1.747017059E0
3.100428625E0,9.660610657E0,2.098635864E-1,1.715582428E0
3.110465625E0,9.609417114E0,2.088157654E-1,1.723366241E0
3.120502625E0,9.578431549E0,1.902543640E-1,1.716779938E0
3.130539625E0,9.561666412E0,1.767823792E-1,1.693129120E0
3.140576625E0,9.564959564E0,1.601669312E-1,1.670526123E0
3.150613625E0,9.567354584E0,1.754351807E-1,1.659299469E0
3.160650625E0,9.577982483E0,1.944456482E-1,1.708547058E0
3.170687625E0,9.588909760E0,1.916015625E-1,1.756148071E0
3.180724625E0,9.605375519E0,1.606159973E-1,1.779948578E0
3.190761625E0,9.629325714E0,1.552272034E-1,1.784289551E0
3.200798625E0,9.647737427E0,1.953437805E-1,1.790277100E0
3.210835625E0,9.644593964E0,2.348616028E-1,1.788181458E0
3.220872625E0,9.628577271E0,2.760260010E-1,1.768721924E0
3.230909625E0,9.593101044E0,2.965333557E-1,1.748064880E0
3.240946625E0,9.596992950E0,2.996768188E-1,1.790576477E0
3.250983625E0,9.629475403E0,3.037184143E-1,1.849853210E0
3.261021625E0,9.658065948E0,3.149450684E-1,1.872306519E0
3.271057625E0,9.652976532E0,3.200344849E-1,1.882185974E0
3.281095625E0,9.635462952E0,2.957849121E-1,1.857187958E0
3.291132625E0,9.620194702E0,2.453398132E-1,1.769021301E0
3.301169625E0,9.574090576E0,2.242337036E-1,1.665736084E0
3.311206625E0,9.528585205E0,2.186952209E-1,1.593137054E0
3.321243625E0,9.488917694E0,2.010319519E-1,1.528172150E0
3.331280625E0,9.463320923E0,1.803749084E-1,1.478176117E0
3.341317625E0,9.459279327E0,1.911524963E-1,1.502276001E0
3.351354625E0,9.478589172E0,1.784289551E-1,1.602118378E0
3.361391625E0,9.535470886E0,1.657054138E-1,1.700314178E0
3.371428625E0,9.617200928E0,1.766326904E-1,1.761087799E0
3.381465625E0,9.696985016E0,2.094145203E-1,1.782642975E0
3.391502625E0,9.748927002E0,2.698887634E-1,1.798060913E0
3.401539625E0,9.730066223E0,3.158432007E-1,1.824106750E0
3.411576625E0,9.692344666E0,3.303630066E-1,1.839075623E0
3.421613625E0,9.644144897E0,3.252735901E-1,1.838776245E0
3.431650625E0,9.607022095E0,3.097059631E-1,1.814376984E0
3.441687625E0,9.574988708E0,2.830613708E-1,1.749561768E0
3.451724625E0,9.561516724E0,2.621049500E-1,1.679058380E0
3.461761625E0,9.573940887E0,2.728825378E-1,1.635349274E0
3.471798625E0,9.574988708E0,2.733316040E-1,1.609303436E0
3.481835625E0,9.569450226E0,2.725831604E-1,1.597028961E0
3.491872625E0,9.579629059E0,2.634521484E-1,1.633702698E0
3.501909625E0,9.586963806E0,2.514770508E-1,1.689985657E0
3.511946625E0,9.573940887E0,2.516267395E-1,1.724414063E0
3.521983625E0,9.573940887E0,2.396516418E-1,1.766027527E0
3.532020625E0,9.594148865E0,2.450404358E-1,1.820663910E0
3.542057625E0,9.616901550E0,2.567161560E-1,1.836979980E0
3.552094625E0,9.654024353E0,2.658471680E-1,1.884730682E0
3.562131625E0,9.665550385E0,2.694396973E-1,1.886976013E0
3.572168625E0,9.612111511E0,2.829116821E-1,1.840871887E0
3.582205625E0,9.562564545E0,3.126997375E-1,1.818568268E0
3.592242625E0,9.519005127E0,3.336561584E-1,1.797911224E0
3.602279625E0,9.503587189E0,3.487747192E-1,1.785786438E0
3.612316625E0,9.493707733E0,3.616479492E-1,1.754800873E0
3.622353625E0,9.491163025E0,3.659889221E-1,1.726659393E0
3.632390625E0,9.490414581E0,3.597019958E-1,1.695374451E0
3.642427625E0,9.504185944E0,3.565585327E-1,1.700763245E0
3.652464625E0,9.534423065E0,3.635939026E-1,1.728904724E0
3.662501625E0,9.523346100E0,3.754193115E-1,1.757195892E0
3.672539625E0,9.501042480E0,3.812571716E-1,1.786983948E0
3.682576625E0,9.501491547E0,3.948788452E-1,1.819017334E0
3.692613625E0,9.501940613E0,3.832031250E-1,1.843566284E0
3.702650625E0,9.537716217E0,3.562591553E-1,1.847158813E0
3.712687625E0,9.574090576E0,3.348536682E-1,1.802252197E0
3.722724625E0,9.595496063E0,3.604504395E-1,1.740131378E0
3.732761625E0,9.598190460E0,4.243675232E-1,1.689835968E0
3.742798625E0,9.596394196E0,4.816983032E-1,1.667981415E0
3.752835625E0,9.583071899E0,5.631289673E-1,1.638941803E0
3.762872625E0,9.566456451E0,6.253994751E-1,1.611399078E0
3.772909625E0,9.564211121E0,6.878196716E-1,1.567839661E0
3.782946625E0,9.561666412E0,7.349716187E-1,1.543440399E0
3.792983625E0,9.579329681E0,7.420069885E-1,1.529519348E0
3.803020625E0,9.597442017E0,7.391629028E-1,1.498982849E0
3.813057625E0,9.623338165E0,7.286846924E-1,1.494641876E0
3.823094625E0,9.627828827E0,7.063810730E-1,1.479822693E0
3.833131625E0,9.591304779E0,6.984475708E-1,1.479972382E0
3.843168125E0,9.574240265E0,6.984475708E-1,1.522783356E0
3.853205125E0,9.594897308E0,7.029382324E-1,1.566342773E0
3.863242125E0,9.655521240E0,6.899153137E-1,1.567390594E0
3.873279125E0,9.712253265E0,6.801855469E-1,1.585951996E0
3.883316125E0,9.724527740E0,6.833290100E-1,1.612297211E0
3.893353125E0,9.683363342E0,6.701564026E-1,1.605411530E0
3.903390125E0,9.606722717E0,6.647676086E-1,1.598675537E0
3.913427125E0,9.556127930E0,6.725514221E-1,1.572180634E0
3.923464125E0,9.532926178E0,6.765930176E-1,1.575024719E0
3.933501125E0,9.518705750E0,6.542893982E-1,1.616338806E0
3.943538125E0,9.540560303E0,6.382727051E-1,1.674567719E0
3.953575125E0,9.587562561E0,5.923182678E-1,1.731000366E0
3.963612125E0,9.624236298E0,5.351371765E-1,1.856289825E0
3.973649125E0,9.602381744E0,5.050497437E-1,2.050136719E0
3.983686125E0,9.518106995E0,4.983137512E-1,2.274669800E0
3.993723125E0,9.434431000E0,5.354365540E-1,2.439926147E0
4.003760125E0,9.340875549E0,5.779481506E-1,2.494861908E0
4.013797125E0,9.282496948E0,5.351371765E-1,2.444267120E0
4.023834125E0,9.262588348E0,4.257147217E-1,2.362537079E0
4.033871125E0,9.323661346E0,2.368075562E-1,2.300266571E0
4.043908125E0,9.420210571E0,5.598358154E-2,2.164798279E0
4.053946125E0,9.536518707E0,-5.673202515E-2,1.996997223E0
4.063983125E0,9.563762054E0,-1.155596924E-1,1.853745117E0
4.074020125E0,9.529932404E0,-1.460961914E-1,1.880689087E0
4.084057125E0,9.464668121E0,-1.489402771E-1,2.035317535E0
4.094094125E0,9.437125397E0,-1.803749084E-1,2.295476532E0
4.104131125E0,9.537716217E0,-3.384461975E-1,2.523302765E0
4.114168125E0,9.713450775E0,-6.119274902E-1,2.618355103E0
4.124205125E0,9.842781830E0,-8.779243469E-1,2.630928955E0
4.134242125E0,9.924062805E0,-1.122515717E0,2.493065643E0
4.144279125E0,9.946366425E0,-1.272354126E0,2.141895905E0
4.154316125E0,9.941127319E0,-1.180594940E0,1.620380402E0
4.164353125E0,9.942923584E0,-8.972341919E-1,1.056203613E0
4.174390125E0,9.879305878E0,-5.251080322E-1,6.056405640E-1
4.184427125E0,9.808503113E0,-1.100212097E-1,3.848497009E-1
4.194464125E0,9.797875214E0,2.899470520E-1,4.079017639E-1
4.204501125E0,9.811197510E0,6.161187744E-1,6.718029785E-1
4.214538125E0,9.900711365E0,8.210426331E-1,1.034498749E0
4.224575125E0,9.938133545E0,9.125024414E-1,1.444047089E0
4.234612125E0,9.838740234E0,8.879534912E-1,1.803898773E0
4.244649125E0,9.673184509E0,7.677534485E-1,1.980531464E0
4.254686125E0,9.498946838E0,5.328918457E-1,1.958078156E0
4.264723125E0,9.318122864E0,1.395098877E-1,1.771266632E0
4.274760125E0,9.076824646E0,-2.662962341E-1,1.554367676E0
4.284797125E0,8.818162537E0,-5.727090454E-1,1.414408722E0
4.294834125E0,8.687035217E0,-7.982899475E-1,1.350192261E0
4.304871125E0,8.654852142E0,-9.912387085E-1,1.341959381E0
4.314908125E0,8.683742065E0,-1.115929413E0,1.344354401E0
4.324945125E0,8.718320160E0,-1.141226807E0,1.289418640E0
4.334982125E0,8.745563507E0,-1.073717194E0,1.144969025E0
4.345019125E0,8.808432770E0,-9.342073059E-1,9.547146606E-1
4.355056125E0,8.910520477E0,-7.782316589E-1,7.626640320E-1
4.365093125E0,9.068292389E0,-5.858816528E-1,5.957611084E-1
4.375130125E0,9.249565430E0,-3.595523071E-1,5.427713013E-1
4.385167125E0,9.462572479E0,-1.194515991E-1,5.782475281E-1
4.395204125E0,9.693392487E0,5.239105225E-2,7.318281555E-1
4.405241125E0,9.928703156E0,1.907034302E-1,9.904902649E-1
4.415278125E0,1.007884094E1,3.056643677E-1,1.331780548E0
4.425316125E0,1.012823822E1,3.766168213E-1,1.676064606E0
4.435353125E0,1.006162674E1,3.540138245E-1,1.926793213E0
4.445390125E0,9.901010742E0,2.061213684E-1,2.058219910E0
4.455427125E0,9.771380310E0,-3.981719971E-2,2.016606445E0
4.465464125E0,9.722581787E0,-2.535726929E-1,1.812730408E0
4.475501125E0,9.696835327E0,-3.694317627E-1,1.601819000E0
4.485538125E0,9.714498596E0,-4.468208313E-1,1.399739227E0
4.495575125E0,9.699978790E0,-5.333409119E-1,1.245559845E0
4.505612125E0,9.766889648E0,-5.929170227E-1,1.220561829E0
4.515649125E0,9.934990082E0,-6.439608765E-1,1.232686615E0
4.525686125E0,1.015233810E1,-6.978488159E-1,1.286574554E0
4.535723125E0,1.038675064E1,-7.852670288E-1,1.459465027E0
4.545760125E0,1.065334625E1,-9.297166443E-1,1.570384369E0
4.555797125E0,1.089479416E1,-1.063987427E0,1.640139313E0
4.565834125E0,1.121812180E1,-1.105451202E0,1.708547058E0
4.575871125E0,1.160626465E1,-1.056053925E0,1.866318970E0
4.585908125E0,1.202075272E1,-8.791218567E-1,2.164199524E0
4.595945125E0,1.241697876E1,-7.219487000E-1,2.605332184E0
4.605982125E0,1.274150391E1,-8.720864868E-1,3.093916168E0
4.616019125E0,1.281589920E1,-1.392853546E0,3.546874237E0
4.626056125E0,1.247475861E1,-2.038011932E0,3.693419495E0
4.636093125E0,1.198901871E1,-2.458188171E0,3.431015167E0
4.646130125E0,1.151645142E1,-2.616558838E0,2.890638885E0
4.656167125E0,1.106543930E1,-2.865940247E0,2.212099915E0
4.666204125E0,1.057505905E1,-3.058889008E0,1.729054413E0
4.676241125E0,9.963880005E0,-2.920726318E0,1.596280518E0
4.686278125E0,9.224417725E0,-2.389630737E0,1.708397369E0
4.696315125E0,8.361162872E0,-1.667981415E0,2.019749908E0
4.706352125E0,7.679181061E0,-1.059796143E0,2.358944550E0
4.716389125E0,7.198979645E0,-4.797523499E-1,2.577490082E0
4.726426125E0,6.807693329E0,3.147953796E-1,2.783910828E0
4.736463125E0,6.489006042E0,1.177750854E0,3.088826752E0
4.746500125E0,6.342161407E0,1.969005432E0,3.420087891E0
4.756537125E0,6.423442383E0,2.675236816E0,3.708388367E0
4.766574125E0,6.779701538E0,3.203188934E0,4.019591217E0
4.776611125E0,7.466772766E0,3.457659760E0,4.177063751E0
4.786648125E0,8.317753143E0,3.409160614E0,4.143383789E0
4.796685125E0,9.142088928E0,2.991229706E0,4.075574799E0
4.806722125E0,9.912387085E0,2.145039368E0,4.057462463E0
4.816760125E0,1.078252762E1,9.845027161E-1,4.218377838E0
4.826797125E0,1.139280853E1,-2.517764282E-1,4.525239716E0
4.836834375E0,1.144534927E1,-1.240620117E0,4.652475128E0
4.846871375E0,1.111393845E1,-1.918410645E0,4.609664154E0
4.856908375E0,1.069810318E1,-2.314337311E0,4.414320374E0
4.866945375E0,1.032058823E1,-2.401156769E0,3.926035767E0
4.876982375E0,9.748178558E0,-2.105371857E0,3.253634033E0
4.887019375E0,8.972790985E0,-1.538350983E0,2.478545837E0
4.897056375E0,8.176297302E0,-8.698411560E-1,1.681752777E0
4.907093375E0,7.551945648E0,-2.841091919E-1,1.037791901E0
4.917130375E0,7.166347504E0,2.032772827E-1,5.499563599E-1
4.927167375E0,7.014114075E0,7.185058594E-1,1.957928467E-1
4.937204375E0,7.098688202E0,1.116079102E0,6.960525513E-2
4.947241375E0,7.342680817E0,1.434616699E0,2.067201233E-1
4.957278375E0,7.619155884E0,1.740281067E0,6.213578796E-1
4.967315375E0,7.934250641E0,1.977837067E0,1.100361786E0
4.977352375E0,8.273744659E0,2.142943726E0,1.338666229E0
4.987389375E0,8.627010040E0,2.102827148E0,1.444645844E0
4.997426375E0,8.871751099E0,1.813778229E0,1.548230438E0
5.007463375E0,8.986562347E0,1.376986542E0,1.777104492E0
5.017500375E0,9.029223633E0,9.460327148E-1,2.145338745E0
5.027537375E0,9.073830872E0,5.724096680E-1,2.452050934E0
5.037574375E0,9.146429901E0,4.358935547E-1,2.558778992E0
5.047611375E0,9.326655121E0,2.463876343E-1,2.395019531E0
5.057648375E0,9.457932129E0,6.511459351E-2,2.057770844E0
5.067685375E0,9.476343842E0,-8.696914673E-2,1.552571411E0
5.077722375E0,9.358987885E0,-2.131567383E-1,1.011446686E0
5.087759375E0,9.111253052E0,-2.730322266E-1,5.824388123E-1
5.097796375E0,8.828640747E0,-1.222956848E-1,3.104544067E-1
5.107833375E0,8.636290741E0,3.194357300E-1,3.150947571E-1
5.117870375E0,8.626411285E0,8.690927124E-1,5.629792786E-1
5.127907375E0,8.957073669E0,1.248703308E0,8.806187439E-1
5.137944375E0,9.563312988E0,1.476529541E0,1.106349335E0
5.147981375E0,1.019574783E1,1.577569427E0,1.333127747E0
5.158018375E0,1.065619034E1,1.601519623E0,1.483714600E0
5.168055375E0,1.094479019E1,1.544338531E0,1.524579620E0
5.178093375E0,1.121093674E1,1.318308563E0,1.546883240E0
5.188130375E0,1.146660507E1,9.792636108E-1,1.521286469E0
5.198167375E0,1.165656006E1,6.756948853E-1,1.406624908E0
5.208204375E0,1.165027313E1,4.800517273E-1,1.337169342E0
5.218241375E0,1.162003601E1,3.014730835E-1,1.225800934E0
5.228278375E0,1.162437698E1,3.356021118E-1,9.821076965E-1
5.238315375E0,1.139834702E1,6.484515381E-1,6.291416931E-1
5.248352375E0,1.120285355E1,9.135502625E-1,1.627116394E-1
5.258389375E0,1.103969284E1,9.801617432E-1,-3.056643677E-1
5.268426375E0,1.090048233E1,1.010548553E0,-3.339555359E-1
5.278463375E0,1.111019623E1,1.365610199E0,-2.679428101E-2
5.288500375E0,1.197060699E1,1.853595428E0,4.899311829E-1
5.298537375E0,1.303399567E1,2.416874084E0,1.813628540E0
5.308574375E0,1.356703720E1,3.031645660E0,3.806584167E0
5.318611375E0,1.343082047E1,3.506308594E0,5.950426025E0
5.328648375E0,1.277054352E1,3.611240387E0,7.880811768E0
5.338685375E0,1.163290924E1,3.129242706E0,8.716523895E0
5.348722375E0,1.018796402E1,1.824406128E0,8.403824158E0
5.358759375E0,8.702303467E0,1.285826111E-1,7.448660431E0
5.368796375E0,7.600295105E0,-1.141825562E0,5.976771240E0
5.378833375E0,6.951693878E0,-1.847009125E0,4.279450836E0
5.388870375E0,6.582711182E0,-2.066752167E0,2.642754364E0
5.398907375E0,6.432423706E0,-2.014361115E0,1.242715759E0
5.408944375E0,6.402935028E0,-1.849853210E0,5.122348022E-1
5.418981375E0,6.626719666E0,-1.655257874E0,4.616400146E-1
5.429018375E0,7.016808472E0,-1.392853546E0,7.686515808E-1
5.439055375E0,7.530540161E0,-1.046024780E0,1.216819611E0
5.449092375E0,8.101153564E0,-5.469625854E-1,1.837578735E0
5.459129375E0,8.640631714E0,1.077758789E-1,2.638563080E0
5.469166375E0,9.082662506E0,8.397537231E-1,3.451672211E0
5.479203375E0,9.417216797E0,1.395248566E0,4.141886902E0
5.489240375E0,9.596244507E0,1.623074799E0,4.579427032E0
5.499277375E0,9.583820343E0,1.589095459E0,4.669988708E0
5.509314375E0,9.585616608E0,1.369801483E0,4.323758698E0
5.519352375E0,9.506431274E0,9.512718201E-1,3.682342529E0
5.529389375E0,9.146729279E0,5.650749207E-1,2.953508148E0
5.539426375E0,8.708141327E0,2.996768188E-1,2.388283539E0
5.549463375E0,8.430468750E0,-1.059796143E-1,2.078278198E0
5.559500375E0,8.160280609E0,-6.474037170E-1,1.988315277E0
5.569537375E0,8.032147064E0,-1.234782257E0,1.970951385E0
5.579574375E0,8.160579987E0,-1.883982239E0,1.688189392E0
5.589611375E0,8.390950928E0,-2.529889069E0,1.232087860E0
5.599648375E0,8.624764709E0,-2.911744995E0,7.906558228E-1
5.609685375E0,8.634943542E0,-2.878663788E0,5.569917297E-1
5.619722375E0,8.477770386E0,-2.597099304E0,7.313790894E-1
5.629759375E0,8.302634583E0,-2.261946259E0,1.146914978E0
5.639796375E0,8.210576019E0,-1.875749359E0,1.610650635E0
5.649833375E0,8.157286835E0,-1.412462769E0,2.029479675E0
5.659870375E0,8.203390961E0,-8.556207275E-1,2.281256104E0
5.669907375E0,8.305179291E0,-3.098556519E-1,2.241438904E0
5.679944375E0,8.403524780E0,8.382568359E-2,1.964215393E0
5.689981375E0,8.533005524E0,2.887495422E-1,1.570084991E0
5.700018375E0,8.618627472E0,3.707789612E-1,1.253493347E0
5.710055375E0,8.690178680E0,2.851570129E-1,9.837542725E-1
5.720092375E0,8.734785919E0,7.948471069E-2,7.472460938E-1
5.730129375E0,8.731642456E0,-1.752854919E-1,5.060975647E-1
5.740166375E0,8.636290741E0,-4.108955383E-1,3.194357300E-1
5.750203375E0,8.541088715E0,-6.827302551E-1,2.436932373E-1
5.760240375E0,8.491092682E0,-9.180409241E-1,4.056564331E-1
5.770277375E0,8.509055328E0,-1.047072601E0,7.599696350E-1
5.780314375E0,8.704099731E0,-9.746232605E-1,1.263971558E0
5.790351375E0,9.232650604E0,-6.990463257E-1,1.729802856E0
5.800388375E0,1.000684067E1,-3.802093506E-1,2.103874969E0
5.810425375E0,1.088102280E1,-1.401086426E-1,2.381098480E0
5.820462375E0,1.168544998E1,5.254074097E-2,2.588567047E0
5.830499375E0,1.231548981E1,1.326242065E-1,2.644999695E0
5.840537167E0,1.280212784E1,1.148112488E-1,2.569855957E0
5.850574167E0,1.317215836E1,6.930587769E-2,2.376458130E0
5.860611167E0,1.345327377E1,-1.919009399E-1,2.020348663E0
5.870648167E0,1.349563568E1,-6.089337158E-1,1.533111877E0
5.880686167E0,1.326765976E1,-1.027463379E0,1.109941864E0
5.890723167E0,1.272234375E1,-1.453327789E0,8.264314270E-1
5.900760167E0,1.207014999E1,-1.849404144E0,5.468128967E-1
5.910797167E0,1.153171967E1,-2.097138977E0,9.265731812E-2
5.920834167E0,1.107891129E1,-1.947450256E0,-2.125579834E-1
5.930871167E0,1.094808334E1,-1.371897125E0,9.939331055E-2
5.940908167E0,1.113025452E1,-1.333427124E0,1.159039764E0
5.950945167E0,1.150372787E1,-1.634451141E0,3.028352509E0
5.960982167E0,1.140897491E1,-2.178120575E0,5.100194092E0
5.971019167E0,1.040501266E1,-2.536325684E0,6.617738342E0
5.981056167E0,9.125174103E0,-2.314187622E0,7.382647705E0
5.991093167E0,8.214916992E0,-1.702858887E0,7.489824829E0
6.001130167E0,7.659272461E0,-7.933502197E-1,6.910080414E0
6.011167167E0,7.293582916E0,3.679348755E-1,5.886508942E0
6.021204167E0,7.280410309E0,1.496288452E0,4.658612366E0
6.031241167E0,7.538922729E0,2.327809296E0,3.528163147E0
6.041278167E0,7.876620483E0,2.843936005E0,2.693798218E0
6.051315167E0,8.323740692E0,2.958447876E0,2.326911163E0
6.061352167E0,8.816965027E0,2.532733154E0,2.265389099E0
6.071389167E0,9.292825470E0,1.875449982E0,2.252815247E0
6.081426167E0,9.849817200E0,1.400787048E0,2.271376648E0
6.091463167E0,1.034798126E1,1.089284821E0,2.424807587E0
6.101500167E0,1.062640228E1,5.677693176E-1,2.813549194E0
6.111537167E0,1.070079758E1,-8.756790161E-2,3.148402863E0
6.121574167E0,1.038929535E1,-6.544390869E-1,3.463946686E0
6.131611167E0,9.804461517E0,-1.125659180E0,3.768862610E0
6.141648167E0,9.159752197E0,-1.505868530E0,3.906576233E0
6.151685167E0,8.593629456E0,-1.643432465E0,3.707190857E0
6.161722167E0,7.911048889E0,-1.351689148E0,3.213667145E0
6.171759167E0,7.231462097E0,-8.204438782E-1,2.530487823E0
6.181796167E0,6.806795197E0,-3.119512939E-1,1.689087524E0
6.191833167E0,6.693480835E0,1.157093811E-1,1.098864899E0
6.201870167E0,7.059020691E0,4.321513367E-1,8.737330627E-1
6.211907167E0,7.776478729E0,6.297404480E-1,8.831634521E-1
6.221944167E0,8.311166840E0,9.945318604E-1,1.020428009E0
6.231982167E0,8.512049103E0,1.493444366E0,1.231638794E0
6.242019167E0,8.601413269E0,2.059866486E0,1.404828644E0
6.252056167E0,8.658893738E0,2.540217590E0,1.548978882E0
6.262093167E0,8.580307159E0,2.764600983E0,1.767075348E0
6.272130167E0,8.505462799E0,2.756667480E0,2.012564850E0
6.282167167E0,8.517288208E0,2.641856232E0,2.173330536E0
6.292204167E0,8.556656342E0,2.534978485E0,2.283052368E0
6.302241167E0,8.697962494E0,2.402503967E0,2.318827972E0
6.312278167E0,8.842711487E0,1.982327728E0,2.221829681E0
6.322315167E0,8.883127441E0,1.352886658E0,2.028880920E0
6.332352167E0,8.760233002E0,5.789959717E-1,1.764231262E0
6.342389167E0,8.536747742E0,-2.320175171E-1,1.399739227E0
6.352426167E0,8.244705048E0,-8.364605713E-1,9.752220154E-1
6.362463167E0,7.982151031E0,-1.095272369E0,4.911286926E-1
6.372500167E0,7.860753479E0,-1.010997620E0,-1.212478638E-2
6.382537167E0,7.947722626E0,-8.033793640E-1,-4.225712585E-1
6.392574167E0,8.082592163E0,-4.221221924E-1,-6.750961304E-1
6.402611167E0,8.347690887E0,1.607656860E-1,-6.285429382E-1
6.412648167E0,8.839268646E0,5.989045715E-1,-1.926493835E-1
6.422685167E0,9.473200378E0,7.455995178E-1,5.605842590E-1
6.432722167E0,1.017763550E1,6.900650024E-1,1.372944946E0
6.442759167E0,1.079674805E1,6.536906433E-1,2.033371582E0
6.452796167E0,1.131571884E1,7.575746155E-1,2.455942841E0
6.462833167E0,1.176089310E1,9.241781616E-1,2.563868408E0
6.472870167E0,1.206835373E1,1.119222565E0,2.301314392E0
6.482907167E0,1.223121506E1,1.315464478E0,1.635948029E0
6.492944167E0,1.224094482E1,1.381926270E0,7.403604126E-1
6.502981167E0,1.221310272E1,1.262923737E0,-1.227447510E-1
6.513018167E0,1.220127731E1,1.040935364E0,-7.264393616E-1
6.523055167E0,1.203557190E1,9.711804199E-1,-1.027912445E0
6.533092167E0,1.180071030E1,1.193318481E0,-1.141675873E0
6.543129167E0,1.157991943E1,1.458267517E0,-1.158141632E0
6.553166167E0,1.153082153E1,1.322050781E0,-7.315287781E-1
6.563203167E0,1.161165344E1,1.201251984E0,3.367996216E-2
6.573240167E0,1.247909958E1,1.564845886E0,5.659730530E-1
6.583278167E0,1.399499725E1,1.875449982E0,1.560504913E0
6.593315167E0,1.458761490E1,2.446512451E0,3.842659149E0
6.603352167E0,1.375774063E1,3.197201385E0,7.074438629E0
6.613389167E0,1.181463135E1,3.662433929E0,1.012090347E1
6.623426167E0,9.805060272E0,3.373983765E0,1.134685410E1
6.633463167E0,8.207133179E0,2.323618011E0,1.013961456E1
6.643500167E0,7.037465515E0,6.020480347E-1,7.506440277E0
6.653537167E0,6.737189941E0,-8.011340332E-1,4.658462677E0
6.663574167E0,7.070247345E0,-1.341210938E0,2.342179413E0
6.673611167E0,7.704179077E0,-1.204844513E0,8.210426331E-1
6.683648167E0,8.534053345E0,-1.008752289E0,2.131567383E-1
6.693685167E0,9.255552979E0,-9.770182800E-1,3.082090759E-1
6.703722167E0,9.685608673E0,-1.067280579E0,8.384065247E-1
6.713759167E0,9.748627625E0,-1.055305481E0,1.590143280E0
6.723796167E0,9.385782166E0,-7.801776123E-1,2.351609802E0
6.733833167E0,8.794960785E0,-3.276686096E-1,3.106490021E0
6.743870167E0,8.405171356E0,2.514770508E-1,3.645219727E0
6.753907167E0,8.414601746E0,9.008267212E-1,3.912414093E0
6.763944167E0,8.603957977E0,1.503024445E0,4.030967560E0
6.773981167E0,8.824150085E0,1.893262939E0,4.046086121E0
6.784018167E0,8.903335419E0,1.986668701E0,3.946992188E0
6.794055167E0,8.670719147E0,1.714684296E0,3.490142212E0
6.804092167E0,8.073461151E0,1.187779999E0,2.728076935E0
6.814129167E0,7.341782684E0,5.394781494E-1,2.024839325E0
6.824166167E0,6.917265472E0,-3.107537842E-1,1.429976349E0
6.834203167E0,6.871460724E0,-1.306183777E0,9.035211182E-1
6.844239667E0,7.173831940E0,-2.211052094E0,5.522016907E-1
6.854276667E0,7.794740753E0,-2.747087402E0,3.917353821E-1
6.864313667E0,8.591234436E0,-2.753374329E0,4.634362793E-1
6.874350667E0,9.336983643E0,-2.265688477E0,8.628057861E-1
6.884387667E0,9.491013336E0,-1.668430481E0,1.588197327E0
6.894424667E0,9.457932129E0,-1.277892609E0,2.272574158E0
6.904461667E0,9.465266876E0,-9.864486694E-1,2.605032806E0
6.914498667E0,9.256750488E0,-5.406756592E-1,2.712209930E0
6.924536667E0,8.946894836E0,-7.978408813E-2,2.669099579E0
6.934573667E0,8.587342529E0,3.806584167E-1,2.529140625E0
6.944610667E0,8.438551941E0,6.520440674E-1,2.312990112E0
6.954647667E0,8.455766144E0,7.610174561E-1,1.963317261E0
6.964684667E0,8.526868286E0,7.219487000E-1,1.566642151E0
6.974721667E0,8.497080231E0,6.613247681E-1,1.220112762E0
6.984758667E0,8.436456299E0,5.327421570E-1,9.723779297E-1
6.994795667E0,8.168513489E0,3.032693481E-1,7.845185852E-1
7.004832667E0,7.766898651E0,-8.083190918E-3,6.554869080E-1
7.014869667E0,7.528294830E0,-4.337979126E-1,5.909710693E-1
7.024906667E0,7.587571564E0,-9.716294861E-1,5.478607178E-1
7.034943667E0,7.934250641E0,-1.379680939E0,5.201683044E-1
7.044980667E0,8.467292175E0,-1.497485962E0,5.327421570E-1
7.055017667E0,9.040300598E0,-1.378333740E0,6.231541443E-1
7.065054667E0,9.561666412E0,-1.077309723E0,8.238867188E-1
7.075091667E0,9.975555725E0,-7.173083496E-1,1.151405640E0
7.085128667E0,1.025502457E1,-3.318598938E-1,1.548080750E0
7.095165667E0,1.048464706E1,-3.293151855E-3,1.879192200E0
7.105202667E0,1.081351318E1,1.450483704E-1,2.032623138E0
7.115239667E0,1.123368942E1,8.292755127E-2,1.972148895E0
7.125276667E0,1.162692169E1,-2.082170105E-1,1.582060089E0
7.135313667E0,1.188887695E1,-5.932164001E-1,1.063837738E0
7.145350667E0,1.194216614E1,-8.665480042E-1,5.304968262E-1
7.155387667E0,1.182600769E1,-9.114546204E-1,9.280700684E-2
7.165424667E0,1.151600235E1,-1.005159760E0,-6.301895142E-2
7.175461667E0,1.101529358E1,-1.271755371E0,-7.005432129E-2
7.185498667E0,1.049243088E1,-1.527872772E0,-1.496887207E-3
7.195535667E0,1.008482849E1,-1.664688263E0,1.330732727E-1
7.205572667E0,9.710157623E0,-1.840123444E0,2.806663513E-1
7.215609667E0,9.271569672E0,-2.121687927E0,3.986210632E-1
7.225646667E0,8.793314209E0,-2.368674316E0,1.701960754E-1
7.235683667E0,8.571026459E0,-2.237097931E0,-3.885919189E-1
7.245720667E0,8.836574249E0,-1.415456543E0,-3.829037476E-1
7.255757667E0,9.893675995E0,-4.700225830E-1,-2.507286072E-1
7.265794667E0,1.205503143E1,-5.164260864E-2,1.175655212E0
7.275832667E0,1.407582916E1,-5.834866333E-1,4.133654022E0
7.285869667E0,1.497201553E1,-1.402283936E0,7.044949951E0
7.295906667E0,1.482636841E1,-1.651964722E0,9.129515076E0
7.305943667E0,1.393317581E1,-9.181906128E-1,1.081366287E1
7.315980667E0,1.296498917E1,3.626957703E-1,1.236608459E1
7.326017667E0,1.180071030E1,1.278790741E0,1.326272003E1
7.336054667E0,1.063463516E1,1.901196442E0,1.271485931E1
7.346091667E0,9.696985016E0,2.394720154E0,1.000923569E1
7.356128667E0,9.018446045E0,2.648292847E0,6.189478912E0
7.366165667E0,8.273445282E0,2.487078094E0,3.184777222E0
7.376202667E0,7.413782959E0,2.158810730E0,1.433419189E0
7.386239667E0,6.969955902E0,2.016456757E0,5.046006775E-1
7.396276667E0,6.924001465E0,2.067350922E0,5.194198608E-2
7.406313667E0,6.858138428E0,2.040257263E0,5.643264771E-2
7.416350667E0,6.530320129E0,1.733694763E0,4.975653076E-1
7.426387667E0,6.176905060E0,1.484762421E0,1.035396881E0
7.436424667E0,6.076314240E0,1.430874481E0,1.848356323E0
7.446461667E0,6.239924011E0,1.411115570E0,2.837349701E0
7.456498667E0,6.636599121E0,1.277742920E0,3.783232727E0
7.466535667E0,7.207062836E0,1.133892059E0,4.565805359E0
7.476572667E0,7.920778656E0,1.119222565E0,5.050946503E0
7.486609667E0,8.884624329E0,1.079854431E0,5.188959503E0
7.496646667E0,9.586365051E0,9.873468018E-1,5.236410828E0
7.506683667E0,9.799671478E0,8.925938416E-1,5.179080048E0
7.516720667E0,9.655072174E0,9.389973450E-1,4.937482452E0
7.526757667E0,9.256151733E0,1.199605408E0,4.703818359E0
7.536794667E0,8.960067444E0,1.481768646E0,4.582869873E0
7.546831667E0,8.796008606E0,1.642534332E0,4.534221039E0
7.556868667E0,8.543034668E0,1.600022736E0,4.407285004E0
7.566905667E0,8.308771820E0,1.334924011E0,4.159550171E0
7.576942667E0,8.214018860E0,9.583071899E-1,3.825145569E0
7.586979667E0,8.208031311E0,5.707630920E-1,3.519181824E0
7.597016667E0,8.235723724E0,2.389031982E-1,3.248843994E0
7.607053667E0,8.242459717E0,6.301895142E-2,3.035088501E0
7.617091667E0,8.154143372E0,1.263372803E-1,2.916535034E0
7.627128667E0,8.102800140E0,4.236190796E-1,2.911295929E0
7.637165667E0,8.186775513E0,9.119036865E-1,2.928510132E0
7.647202667E0,8.353528748E0,1.338815918E0,3.026556244E0
7.657239667E0,8.510552216E0,1.535207520E0,3.160078583E0
7.667276667E0,8.743767242E0,1.630259857E0,3.217259674E0
7.677313667E0,9.025331726E0,1.711840210E0,3.407364349E0
7.687350667E0,9.251361694E0,1.712438965E0,3.800596619E0
7.697387667E0,9.454788666E0,1.535057831E0,4.111949158E0
7.707424667E0,9.526339874E0,1.273701324E0,4.201762390E0
7.717461667E0,9.574689331E0,9.729766846E-1,4.059109039E0
7.727498667E0,9.704918518E0,8.662486267E-1,3.834426270E0
7.737535667E0,9.970915375E0,9.232800293E-1,3.561843109E0
7.747572667E0,1.005204666E1,9.740245056E-1,3.276536407E0
7.757609667E0,9.941726074E0,1.092128906E0,3.035986633E0
7.767646667E0,9.772278442E0,1.313817902E0,2.902464294E0
7.777683667E0,9.579179993E0,1.541045380E0,2.773432617E0
7.787720667E0,9.307644653E0,1.660946045E0,2.730621643E0
7.797757667E0,9.001830597E0,1.583856354E0,2.726580048E0
7.807794667E0,8.738228760E0,1.401685181E0,2.601889343E0
7.817831667E0,8.526119843E0,1.266665955E0,2.381248169E0
7.827868667E0,8.397986298E0,1.177301788E0,2.099833374E0
7.837905667E0,8.397836609E0,1.194216614E0,1.757644958E0
7.847942667E0,8.494385834E0,1.339714050E0,1.512454834E0
7.857979667E0,8.670419769E0,1.426683197E0,1.517544250E0
7.868016667E0,8.840166779E0,1.488654327E0,1.738484802E0
7.878053667E0,9.034163361E0,1.507215729E0,2.066901855E0
7.888090667E0,9.313332825E0,1.404678955E0,2.435285797E0
7.898127667E0,9.548942871E0,1.214723969E0,2.880759430E0
7.908164667E0,9.696985016E0,1.148262177E0,3.344944153E0
7.918201667E0,9.909243622E0,1.162332916E0,3.774401093E0
7.928238667E0,1.016266663E1,1.062789917E0,4.257147217E0
7.938275667E0,1.032687515E1,8.048762512E-1,4.674179993E0
7.948313667E0,1.028481262E1,5.510041809E-1,4.813091125E0
7.958350667E0,1.012584320E1,3.617976379E-1,4.567152557E0
7.968387667E0,9.882898407E0,3.013233948E-1,4.010160828E0
7.978424667E0,9.596693573E0,3.161425781E-1,3.428620148E0
7.988461667E0,9.270372162E0,3.858975220E-1,2.942730560E0
7.998498667E0,8.974736938E0,4.763095093E-1,2.495310974E0
8.008535667E0,8.742120667E0,5.553451538E-1,2.098336487E0
8.018572667E0,8.593330078E0,5.222639465E-1,1.843566284E0
8.028609667E0,8.468040619E0,4.454736328E-1,1.680106201E0
8.038646667E0,8.458460541E0,3.387455750E-1,1.582209778E0
8.048683667E0,8.638087006E0,1.836680603E-1,1.471440125E0
8.058720667E0,9.004974060E0,6.885681152E-3,1.562600555E0
8.068757667E0,9.458081818E0,-1.172062683E-1,1.902992706E0
8.078794667E0,9.880653076E0,-9.759704590E-2,2.362986145E0
8.088831667E0,1.010264145E1,-4.490661621E-2,2.917732544E0
8.098868667E0,1.006012985E1,-1.022373962E-1,3.487747192E0
8.108905667E0,9.856702881E0,-1.719923401E-1,3.901486816E0
8.118942667E0,9.620194702E0,-1.523831177E-1,4.077371063E0
8.128979667E0,9.407187653E0,-3.038681030E-2,3.956123199E0
8.139016667E0,9.196425934E0,1.728904724E-1,3.586541748E0
8.149053667E0,9.068142700E0,3.968247986E-1,3.104095001E0
8.159090667E0,9.031918030E0,5.686674500E-1,2.661914520E0
8.169127667E0,9.028774567E0,6.857240295E-1,2.320624237E0
8.179164667E0,9.011560364E0,7.373666382E-1,2.059417419E0
8.189201667E0,9.002728729E0,7.018904114E-1,1.887275391E0
8.199238667E0,9.069040833E0,5.520520020E-1,1.837728424E0
8.209275667E0,9.218280487E0,3.376977539E-1,1.896406403E0
8.219312667E0,9.362879791E0,1.981878662E-1,2.052082672E0
8.229349667E0,9.446855164E0,1.977388000E-1,2.277364197E0
8.239386667E0,9.491163025E0,2.174977112E-1,2.530338135E0
8.249423667E0,9.483079834E0,1.959425354E-1,2.734812927E0
8.259460667E0,9.490115204E0,2.103126526E-1,2.848127289E0
8.269497667E0,9.537865906E0,2.453398132E-1,2.849474487E0
8.279535667E0,9.606872406E0,2.579136658E-1,2.761307831E0
8.289572667E0,9.662706299E0,2.418969727E-1,2.641407166E0
8.299609667E0,9.719138947E0,1.901046753E-1,2.549348602E0
8.309646667E0,9.713899841E0,1.134640503E-1,2.486928406E0
8.319683667E0,9.661957855E0,6.586303711E-2,2.446961517E0
8.329720667E0,9.584868164E0,3.577560425E-2,2.459984436E0
8.339757667E0,9.517059174E0,2.784210205E-2,2.496658173E0
8.349794667E0,9.437424774E0,3.951782227E-2,2.529589691E0
8.359831667E0,9.365424500E0,4.430786133E-2,2.529140625E0
8.369868667E0,9.310339050E0,4.580474854E-2,2.451601868E0
8.379905667E0,9.278455353E0,4.834945679E-2,2.337838440E0
8.389942667E0,9.316925354E0,1.766326904E-2,2.238894196E0
8.399979667E0,9.367220764E0,-3.921844482E-2,2.180066528E0
8.410016667E0,9.428293762E0,-3.188369751E-2,2.133812714E0
8.420053667E0,9.493258667E0,1.646575928E-2,2.132914581E0
8.430090667E0,9.552535400E0,5.059478760E-2,2.165097656E0
8.440127667E0,9.598190460E0,7.454498291E-2,2.225272522E0
8.450164667E0,9.614207153E0,1.224453735E-1,2.283651123E0
8.460201667E0,9.624984741E0,1.624122620E-1,2.328557739E0
8.470238667E0,9.582323456E0,1.941462708E-1,2.351011047E0
8.480275667E0,9.521100769E0,2.284249878E-1,2.340383148E0
8.490312667E0,9.489516449E0,2.595602417E-1,2.343376923E0
8.500349667E0,9.511371002E0,2.984793091E-1,2.341430969E0
8.510386667E0,9.546996918E0,3.335064697E-1,2.347568207E0
8.520423667E0,9.594897308E0,3.752696228E-1,2.347717896E0
8.530460667E0,9.648336182E0,3.863465881E-1,2.348166962E0
8.540497667E0,9.637109528E0,3.826043701E-1,2.343676300E0
8.550534667E0,9.609716492E0,3.561094666E-1,2.329156494E0
8.560571667E0,9.552236023E0,3.501219177E-1,2.273771667E0
8.570608667E0,9.520502014E0,3.939807129E-1,2.151625671E0
8.580645667E0,9.494605865E0,4.658312988E-1,2.043999481E0
8.590683667E0,9.478738861E0,5.222639465E-1,1.971699829E0
8.600720667E0,9.474547577E0,5.363346863E-1,1.920206909E0
8.610757667E0,9.450597382E0,5.179229736E-1,1.914369049E0
8.620794667E0,9.419013062E0,4.778063965E-1,1.964065704E0
8.630831667E0,9.404343567E0,4.086502075E-1,2.060315552E0
8.640868667E0,9.407037964E0,3.885919189E-1,2.121687927E0
8.650905667E0,9.446855164E0,3.793112183E-1,2.151026917E0
8.660942667E0,9.514813843E0,3.885919189E-1,2.158062286E0
8.670979667E0,9.557175751E0,4.248165894E-1,2.148332520E0
8.681016667E0,9.559421082E0,4.854405212E-1,2.151775360E0
8.691053667E0,9.554780731E0,5.101391602E-1,2.168091431E0
8.701090667E0,9.559570770E0,5.046006775E-1,2.187251587E0
8.711127667E0,9.546547852E0,4.891827393E-1,2.185904388E0
8.721164667E0,9.530980225E0,4.650828552E-1,2.197280731E0
8.731201667E0,9.530680847E0,4.143383789E-1,2.223625946E0
8.741238667E0,9.539811859E0,3.990701294E-1,2.261347504E0
8.751275667E0,9.545500031E0,3.570075989E-1,2.286345520E0
8.761312667E0,9.519603882E0,3.329077148E-1,2.309996338E0
8.771349667E0,9.505982208E0,3.146456909E-1,2.298769684E0
8.781386667E0,9.508077850E0,2.583627319E-1,2.268831940E0
8.791423667E0,9.474098511E0,1.895059204E-1,2.223326569E0
8.801460667E0,9.484277344E0,1.487905884E-1,2.185455322E0
8.811497667E0,9.492210846E0,1.526824951E-1,2.155966644E0
8.821534667E0,9.511969757E0,1.812730408E-1,2.119592285E0
8.831571667E0,9.517807617E0,2.174977112E-1,2.123184814E0
8.841612625E0,9.521549835E0,2.314187622E-1,2.145039368E0
8.851649625E0,9.499844971E0,2.471360779E-1,2.158661041E0
8.861686625E0,9.486522675E0,2.553689575E-1,2.192640381E0
8.871723625E0,9.486522675E0,2.592608643E-1,2.194137268E0
8.881760625E0,9.471254425E0,2.433938599E-1,2.210902405E0
8.891797625E0,9.457782440E0,2.273771667E-1,2.219883728E0
8.901834625E0,9.464368744E0,2.320175171E-1,2.212848358E0
8.911872625E0,9.495354309E0,2.333647156E-1,2.211650848E0
8.921909625E0,9.547445984E0,2.315684509E-1,2.218237152E0
8.931946625E0,9.587562561E0,2.107617188E-1,2.227517853E0
8.941983625E0,9.592202911E0,1.645079041E-1,2.230960693E0
8.952020625E0,9.567055206E0,1.528321838E-1,2.238744507E0
8.962057625E0,9.510323181E0,1.767823792E-1,2.249971161E0
8.972094625E0,9.450447693E0,2.079176331E-1,2.227966919E0
8.982131625E0,9.421707458E0,2.237846375E-1,2.195933533E0
8.992168625E0,9.433383179E0,2.300715637E-1,2.154320068E0
9.002205625E0,9.489666138E0,2.203417969E-1,2.098336487E0
9.012242625E0,9.549990692E0,2.444416809E-1,2.060465240E0
9.022279625E0,9.593999176E0,2.773731995E-1,2.084864502E0
9.032316625E0,9.596992950E0,3.219804382E-1,2.128723297E0
9.042353625E0,9.565258942E0,3.659889221E-1,2.196232910E0
9.052390625E0,9.519603882E0,3.906875610E-1,2.285746765E0
9.062427625E0,9.513766022E0,3.969744873E-1,2.334545288E0
9.072464625E0,9.513316956E0,4.284091187E-1,2.337389374E0
9.082501625E0,9.513766022E0,4.337979126E-1,2.311044159E0
9.092538625E0,9.532177734E0,3.808081055E-1,2.252066803E0
9.102575625E0,9.522747345E0,3.252735901E-1,2.185605011E0
9.112612625E0,9.493108978E0,2.715353394E-1,2.147434387E0
9.122649625E0,9.475445709E0,2.481838989E-1,2.112706604E0
9.132686625E0,9.481283569E0,2.583627319E-1,2.094145203E0
9.142723625E0,9.491163025E0,2.769241333E-1,2.075883179E0
9.152760625E0,9.487420807E0,3.341052246E-1,2.060764618E0
9.162797625E0,9.491013336E0,3.498225403E-1,2.080822906E0
9.172834625E0,9.494456177E0,3.360511780E-1,2.108066254E0
9.182871625E0,9.491013336E0,2.429447937E-1,2.138602753E0
9.192908625E0,9.470206604E0,2.163002014E-1,2.113305359E0
9.202945625E0,9.475445709E0,1.959425354E-1,2.127525787E0
9.212982625E0,9.498797150E0,1.456471252E-1,2.167342987E0
9.223019625E0,9.527836761E0,1.052311707E-1,2.191891937E0
9.233057625E0,9.568701782E0,1.354682922E-1,2.224524078E0
9.243094625E0,9.612111511E0,1.451980591E-1,2.281106415E0
9.253131625E0,9.598938904E0,1.062789917E-1,2.340383148E0
9.263168625E0,9.535470886E0,7.888595581E-2,2.348166962E0
9.273205625E0,9.485624542E0,9.729766846E-2,2.305056610E0
9.283242625E0,9.459129639E0,1.450483704E-1,2.223027191E0
9.293279625E0,9.480385437E0,1.887574768E-1,2.160008240E0
9.303316625E0,9.516161041E0,2.308200073E-1,2.116897888E0
9.313353625E0,9.526788940E0,2.564167786E-1,2.080523529E0
9.323390625E0,9.516610107E0,2.763253784E-1,2.069745941E0
9.333427625E0,9.524992676E0,3.044668579E-1,2.051184540E0
9.343464625E0,9.560618591E0,3.029699707E-1,2.042652283E0
9.353501625E0,9.533824310E0,2.936892700E-1,2.075434113E0
9.363538625E0,9.484726410E0,2.935395813E-1,2.089504852E0
9.373575625E0,9.470955048E0,3.044668579E-1,2.108665009E0
9.383612625E0,9.485774231E0,3.448828125E-1,2.126328278E0
9.393649625E0,9.589508514E0,3.544628906E-1,2.136507111E0
9.403686625E0,9.684261475E0,3.453318787E-1,2.149530029E0
9.413723625E0,9.679471436E0,3.444337463E-1,2.197131042E0
9.423760625E0,9.633816376E0,3.366499329E-1,2.241139526E0
9.433797625E0,9.585766296E0,3.388952637E-1,2.260748749E0
9.443834625E0,9.553134155E0,3.457809448E-1,2.262245636E0
9.453871625E0,9.543853455E0,3.472778320E-1,2.245779877E0
9.463908625E0,9.570198669E0,3.432362366E-1,2.217339020E0
9.473945625E0,9.621541901E0,3.519181824E-1,2.167193298E0
9.483982625E0,9.694889374E0,3.706292725E-1,2.140399017E0
9.494019625E0,9.711355133E0,3.888912964E-1,2.145937500E0
9.504056625E0,9.685608673E0,3.902384949E-1,2.168839874E0
9.514093625E0,9.655670929E0,3.701802063E-1,2.172282715E0
9.524130625E0,9.588460693E0,3.953279114E-1,2.191143494E0
9.534167625E0,9.680219879E0,6.180647278E-1,2.257455597E0
9.544205625E0,9.819729767E0,9.250762939E-1,2.333347778E0
9.554242625E0,9.517508240E0,5.129832458E-1,2.329605560E0
9.564279625E0,9.606722717E0,6.159690857E-1,2.323168945E0
9.574316625E0,9.342821503E0,4.269122314E-1,2.224524078E0
9.584353625E0,9.365125122E0,5.074447632E-1,2.412084045E0
9.594390625E0,9.253607025E0,5.291496277E-1,1.855990448E0
9.604427625E0,9.271270294E0,6.900650024E-2,1.375190277E0
9.614464625E0,9.051078186E0,-7.319778442E-2,1.428180084E0
9.624501625E0,9.121731262E0,-5.774990845E-1,1.667232971E0
9.634538625E0,9.178163910E0,1.096619568E0,2.074535980E0
9.644575625E0,9.500144348E0,3.170407104E-1,1.461111603E0
9.654612625E0,9.223669281E0,-7.259902954E-2,1.791923676E0
9.664649625E0,9.204658813E0,5.598358154E-1,2.585423584E0
9.674686625E0,9.882599030E0,9.587562561E-1,2.596500549E0
9.684723625E0,1.014664993E1,1.006506958E0,2.199675751E0
9.694760625E0,9.624535675E0,6.011499023E-1,2.243833923E0
9.704797625E0,9.039402466E0,-8.083190918E-3,1.575024719E0
9.714834625E0,9.016949158E0,-2.805166626E-1,1.027014313E0
9.724871625E0,9.373956757E0,2.754272461E-2,1.384470978E0
9.734908625E0,9.615554352E0,3.731739807E-1,1.809586945E0
9.744945625E0,9.586215363E0,5.897735596E-1,1.938319244E0
9.754982625E0,9.188791809E0,4.601431274E-1,1.607507172E0
9.765019625E0,9.441616058E0,3.876937866E-1,1.984123993E0
9.775056625E0,9.833201752E0,6.056405640E-1,2.460882568E0
9.785093625E0,9.635013885E0,5.559439087E-1,2.349514160E0
9.795130625E0,9.539512482E0,1.981878662E-1,2.427352295E0
9.805167625E0,9.816735992E0,1.930984497E-1,2.677781525E0
9.815204625E0,9.917925568E0,4.691244507E-1,3.006947021E0
9.825241625E0,9.906549225E0,5.766009521E-1,2.953358459E0
9.835279625E0,9.908794556E0,3.466790771E-1,2.746788025E0
9.845312625E0,9.802665253E0,6.225553894E-1,2.581831055E0
9.855349625E0,9.630523224E0,9.604028320E-1,2.177372131E0
9.865386625E0,9.535171509E0,6.447093201E-1,2.054627380E0
9.875423625E0,9.540560303E0,4.562512207E-1,2.039808197E0
9.885460625E0,9.694290619E0,4.433779907E-1,2.190694427E0
9.895497625E0,9.713151398E0,3.710783386E-1,2.219284973E0
9.905534625E0,9.536967773E0,2.948867798E-1,1.970202942E0
9.915571625E0,9.381291504E0,3.749702454E-1,1.654958496E0
9.925608625E0,9.345515900E0,4.671784973E-1,1.462758179E0
9.935645625E0,9.360335083E0,4.302053833E-1,1.400188293E0
9.945682625E0,9.269623718E0,2.552192688E-1,1.269510040E0
9.955719625E0,9.026229858E0,-1.781295776E-2,1.383572845E0
9.965756625E0,9.073681183E0,-1.359173584E-1,1.388662262E0
9.975793625E0,9.553433533E0,2.454895020E-2,1.547182617E0
9.985830625E0,9.766440582E0,2.339634705E-1,1.890418854E0
9.995867625E0,9.799521790E0,3.549119568E-1,1.908082123E0
1.000590463E1,9.689500580E0,3.552113342E-1,1.817071381E0
1.001594163E1,9.624385986E0,4.399351501E-1,1.896406403E0
1.002597863E1,9.648635559E0,3.356021118E-1,1.867666168E0
1.003601563E1,9.874815216E0,3.718267822E-1,1.813478851E0
1.004605263E1,1.011237122E1,3.820056152E-1,1.805994415E0
1.005608963E1,9.955946503E0,2.821632385E-1,1.693877563E0
1.006612663E1,9.595346375E0,2.323168945E-1,1.411864014E0
1.007616363E1,9.391470337E0,3.589535522E-1,1.276695099E0
1.008620063E1,9.487570496E0,3.748205566E-1,1.323697357E0
1.009623763E1,9.342671814E0,5.927673340E-2,1.133892059E0
1.010627463E1,9.303303680E0,-1.047821045E-2,7.542814636E-1
1.011631163E1,9.585616608E0,2.877017212E-1,1.373843079E0
1.012634863E1,9.892328796E0,3.897894287E-1,2.309247894E0
1.013638663E1,9.726024628E0,4.213737488E-1,2.025438080E0
1.014642363E1,9.519304504E0,2.719844055E-1,1.924248505E0
1.015646063E1,9.003776550E0,6.017486572E-2,1.720671844E0
1.016649763E1,8.943601685E0,7.484436035E-4,1.554367676E0
1.017653463E1,9.255552979E0,3.219804382E-1,1.420695648E0
1.018657163E1,9.482032013E0,4.294569397E-1,1.152004395E0
1.019660863E1,9.928403778E0,4.528083801E-1,1.833088074E0
1.020664563E1,9.783954163E0,4.972659302E-1,2.992277527E0
1.021668263E1,9.194779358E0,6.438111877E-1,2.969524841E0
1.022671963E1,8.735384674E0,3.808081055E-1,2.796185303E0
1.023675663E1,8.468489685E0,1.898052979E-1,2.546205139E0
1.024679363E1,8.515342255E0,1.564247131E-1,2.271077271E0
1.025683063E1,8.824898529E0,1.510359192E-1,3.319796448E0
1.026686763E1,8.947942657E0,2.715353394E-1,3.420237579E0
1.027690463E1,9.018146667E0,2.490820312E-1,4.485123138E0
1.028694163E1,8.789122925E0,3.366499329E-1,5.332960052E0
1.029697863E1,8.618926849E0,2.035766602E-1,4.612657928E0
1.030701562E1,8.257727966E0,-4.131408691E-2,4.346810760E0
1.031705262E1,8.033045197E0,7.544311523E-2,4.711901550E0
1.032708962E1,7.486681366E0,1.167572021E-1,4.923711090E0
1.033712662E1,7.239096222E0,9.460327148E-2,5.679938507E0
1.034716362E1,7.505392456E0,2.342628479E-1,5.947432251E0
1.035720062E1,8.101153564E0,4.263134766E-1,6.354136505E0
1.036723762E1,8.156388702E0,4.110452271E-1,6.107299805E0
1.037727462E1,7.884104919E0,4.876858521E-1,5.972280579E0
1.038731162E1,7.079528046E0,4.784051514E-1,5.487139435E0
1.039734862E1,6.203100586E0,4.605921936E-1,5.290747833E0
1.040738562E1,5.554199982E0,7.155120850E-2,5.558690643E0
1.041742262E1,5.165608063E0,-2.984793091E-1,6.341562653E0
1.042745962E1,5.251379700E0,-6.706054688E-2,7.004833374E0
1.043749662E1,5.231620789E0,1.143621826E-1,6.928492126E0
1.044753463E1,5.438490601E0,1.139131165E-1,7.320227509E0
1.045757163E1,5.447022858E0,2.001338196E-1,7.143445129E0
1.046760863E1,5.069807281E0,1.270857239E-1,6.612648926E0
1.047764563E1,4.648283844E0,2.480342102E-1,6.435866547E0
1.048768263E1,4.308939514E0,3.164419556E-1,6.824907532E0
1.049771963E1,4.291875000E0,4.472698975E-1,8.489595795E0
1.050775663E1,4.147874451E0,5.400769043E-1,9.726024628E0
1.051779363E1,3.514092407E0,6.583309937E-1,9.974956970E0
1.052783063E1,2.663261719E0,6.616241455E-1,9.704768829E0
1.053786763E1,2.085014191E0,3.897894287E-1,9.176217957E0
1.054790463E1,1.834884338E0,2.345622253E-1,8.532406769E0
1.055794163E1,1.633553009E0,1.788780212E-1,8.029901733E0
1.056797863E1,1.381626892E0,-5.688171387E-3,8.271199951E0
1.057801563E1,1.595083008E0,-1.299298096E-1,9.301806793E0
1.058805263E1,1.921554108E0,1.860630798E-1,1.113160172E1
1.059808963E1,1.381327515E0,5.828878784E-1,1.207987976E1
1.060812663E1,5.568420410E-2,8.143066406E-1,1.172377029E1
1.061816363E1,-9.842033386E-1,7.333250427E-1,1.123189316E1
1.062820063E1,-1.236428833E0,4.297563171E-1,1.079629898E1
1.063823763E1,-1.103505249E0,3.079096985E-1,1.037567368E1
1.064827463E1,-1.093775482E0,9.804611206E-2,1.012359787E1
1.065831163E1,-1.141675873E0,-3.802093506E-2,1.032732422E1
1.066834863E1,-1.190773773E0,-2.261796570E-1,1.079330521E1
1.067838563E1,-1.293310547E0,-1.032852173E-2,1.186342987E1
1.068842263E1,-1.582958221E0,5.287005615E-1,1.246652573E1
1.069845963E1,-1.792971497E0,5.451663208E-1,1.219304443E1
1.070849663E1,-1.891167297E0,3.282673645E-1,1.143936172E1
1.071853363E1,-1.771266632E0,3.305126953E-1,1.079165863E1
1.072857063E1,-1.675016785E0,3.141966248E-1,1.029169830E1
1.073860763E1,-1.771865387E0,3.118016052E-1,1.014425491E1
1.074864463E1,-1.851050720E0,2.930905151E-1,1.019140686E1
1.075868163E1,-1.826352081E0,3.124003601E-1,1.008602600E1
1.076871863E1,-1.845362549E0,3.341052246E-1,9.646689606E0
1.077875663E1,-1.915865936E0,3.583547974E-1,8.961264954E0
1.078879363E1,-1.892813873E0,3.582051086E-1,9.168883209E0
1.079883063E1,-1.851050720E0,4.275109863E-1,9.758956146E0
1.080886763E1,-1.908680878E0,6.041436768E-1,9.867031403E0
1.081890463E1,-1.965861969E0,5.761518860E-1,9.780361633E0
1.082894163E1,-1.947300568E0,4.134402466E-1,9.370064850E0
1.083897863E1,-1.904489594E0,3.046165466E-1,9.333091736E0
1.084901588E1,-1.923949127E0,3.400927734E-1,9.582622833E0
1.085905288E1,-2.010469208E0,3.579057312E-1,9.805060272E0
1.086908988E1,-2.092648315E0,3.797602844E-1,9.825567627E0
1.087912688E1,-2.159110107E0,3.595523071E-1,9.758956146E0
1.088916388E1,-2.149380341E0,4.025129700E-1,9.765243073E0
1.089920088E1,-2.144739990E0,4.450245667E-1,9.797725525E0
1.090923788E1,-2.121687927E0,4.611909485E-1,9.822573853E0
1.091927488E1,-2.056723022E0,4.872367859E-1,9.764794006E0
1.092931188E1,-2.010319519E0,4.490661621E-1,9.620045013E0
1.093934888E1,-1.979783020E0,4.272116089E-1,9.601184235E0
1.094938588E1,-2.014361115E0,4.367916870E-1,9.660460968E0
1.095942288E1,-2.065255280E0,4.525090027E-1,9.711804199E0
1.096945988E1,-2.059267731E0,4.742138672E-1,9.882898407E0
1.097949688E1,-2.077829132E0,4.857398987E-1,1.011207184E1
1.098953388E1,-2.055824890E0,4.517605591E-1,1.027313690E1
1.099957088E1,-1.974394226E0,4.680766296E-1,1.003842499E1
1.100960788E1,-1.935475159E0,4.297563171E-1,9.546098785E0
1.101964488E1,-1.905687103E0,3.692820740E-1,9.090745697E0
1.102968188E1,-1.874851227E0,3.275189209E-1,8.975335693E0
1.103971888E1,-1.848206635E0,4.887336731E-1,9.238937531E0
1.104975588E1,-1.915716248E0,6.580316162E-1,9.516011353E0
1.105979288E1,-2.086211700E0,9.071136475E-1,9.631870422E0
1.106982988E1,-2.440674591E0,8.186476135E-1,9.286688232E0
1.107986688E1,-1.771566010E0,3.511697388E-1,7.672445068E0
1.108990388E1,-1.723815308E0,-1.811233521E-2,9.461225281E0
1.109994088E1,-2.005230103E0,1.429527283E-1,9.584718475E0
1.110997788E1,-1.933978271E0,-5.433700562E-2,9.479936371E0
1.112001488E1,-1.626367950E0,-4.041595459E-1,9.892927551E0
1.113005287E1,-1.707199860E0,-2.384541321E-1,9.908794556E0
1.114008987E1,-2.097887421E0,8.472381592E-2,9.832303619E0
1.115012687E1,-2.296823730E0,1.654060364E-1,9.698332214E0
1.116016387E1,-2.376009064E0,4.430786133E-1,9.219328308E0
1.117020087E1,-2.469265137E0,6.089337158E-1,9.530381470E0
1.118023787E1,-2.215692444E0,5.137316895E-1,1.017254608E1
1.119027487E1,-1.978735199E0,4.233197021E-1,1.045201492E1
1.120031187E1,-2.023342438E0,3.929328918E-1,1.119357285E1
1.121034887E1,-2.164349213E0,5.053491211E-1,1.210996719E1
1.122038587E1,-2.143692169E0,4.953199768E-1,1.146465912E1
1.123042287E1,-1.854942627E0,3.327580261E-1,8.584049377E0
1.124045987E1,-2.267634430E0,7.985893250E-1,7.353159027E0