"Time (s)","X (rad/s)","Y (rad/s)","Z (rad/s)"
1.153412500E-2,6.644112617E-2,-1.801794320E-1,-1.507322770E-2
2.157112500E-2,9.242771566E-2,-2.371247411E-1,-7.114741951E-2
3.160812500E-2,1.451739222E-1,-3.748115003E-1,-8.201128244E-2
4.164512500E-2,1.894793361E-1,-4.996218681E-1,-6.178350747E-2
5.168212500E-2,1.616249979E-1,-5.323274732E-1,-5.054417625E-2
6.171912500E-2,9.432558715E-2,-4.965918660E-1,-3.245598823E-2
7.175612500E-2,2.908663452E-2,-4.221997857E-1,-3.636526689E-2
8.179312500E-2,2.237467095E-2,-4.004769325E-1,-2.400766686E-2
9.183012500E-2,5.076017231E-2,-4.204613268E-1,-1.280782931E-2
1.018671250E-1,3.337345645E-2,-4.165091813E-1,9.313718416E-3
1.119041250E-1,-4.136230424E-2,-3.268921673E-1,2.987746894E-2
1.219411250E-1,-8.530819416E-2,-2.453672141E-1,4.871241003E-2
1.319781250E-1,-6.303615123E-2,-1.746057421E-1,6.156690046E-2
1.420151250E-1,-3.868340328E-2,-8.073303103E-2,5.278858915E-2
1.520521250E-1,-2.246555127E-2,-2.455897443E-2,3.954149410E-2
1.620891250E-1,-1.080345139E-1,1.092374399E-1,8.030942827E-2
1.721261250E-1,-1.104806811E-1,2.052149028E-1,1.713695936E-2
1.821631250E-1,7.505070418E-3,1.047205254E-1,3.349242266E-3
1.922001250E-1,3.941736370E-2,4.208099842E-2,-4.553070758E-4
2.022371250E-1,3.401673958E-2,-3.338149982E-3,-3.807427827E-3
2.122741250E-1,7.409504615E-4,-2.091299556E-2,-2.706006868E-3
2.223111250E-1,-4.094763845E-2,-2.064268477E-2,6.265383679E-3
2.323491250E-1,-7.079169154E-2,-8.430292457E-2,1.767701469E-2
2.423861250E-1,-1.199722886E-1,-2.076059580E-1,1.652333327E-2
2.524231250E-1,-1.664459854E-1,-3.904357553E-1,1.431067567E-2
2.624601250E-1,-1.369980723E-1,-6.562693119E-1,6.689240225E-3
2.724971250E-1,-1.166951954E-1,-9.200393558E-1,1.528728567E-2
2.825341250E-1,-7.734566182E-2,-1.297130227E0,3.564182669E-2
2.925711250E-1,-7.096866518E-2,-1.723504424E0,6.233847141E-2
3.026081250E-1,-1.194917262E-1,-2.089297533E0,8.434763551E-2
3.126451250E-1,-1.931257993E-1,-2.399586678E0,9.838720411E-2
3.226821250E-1,-2.395505458E-1,-2.777660370E0,1.067069173E-1
3.327191250E-1,-2.478009462E-1,-3.213275194E0,1.063846052E-1
3.427561250E-1,-2.328739315E-1,-3.681379795E0,1.069689021E-1
3.527931250E-1,-2.024818212E-1,-4.183156490E0,1.066072285E-1
3.628301250E-1,-1.496644169E-1,-4.642291546E0,1.033690944E-1
3.728671250E-1,-1.433065087E-1,-5.001684666E0,1.019377336E-1
3.829041250E-1,-1.505455077E-1,-5.356748104E0,8.251823485E-2
3.929411250E-1,-7.548248768E-2,-5.529756546E0,7.887907326E-2
4.029781250E-1,4.598501138E-3,-5.522964001E0,5.850296468E-2
4.130151250E-1,2.421977371E-2,-5.518335819E0,4.323564097E-2
4.230521250E-1,3.450969234E-2,-5.473199368E0,4.702026024E-2
4.330891250E-1,2.417397918E-3,-5.398676395E0,1.801814698E-2
4.431261250E-1,3.770641610E-2,-5.462896347E0,-4.005425144E-4
4.531631250E-1,5.901225656E-2,-5.398461342E0,-4.976275191E-2
4.632001250E-1,9.277021885E-2,-5.427264690E0,-1.097517908E-1
4.732371250E-1,1.123355106E-1,-5.456422806E0,-1.310124546E-1
4.832741250E-1,9.744657576E-2,-5.587047100E0,-9.507681429E-2
4.933111250E-1,3.387695178E-2,-5.808331966E0,-9.858183563E-3
5.033481250E-1,-6.615377218E-2,-5.946419716E0,9.729064256E-2
5.133851250E-1,-1.566845030E-1,-6.136003494E0,2.204625309E-1
5.234221250E-1,-2.009515613E-1,-6.056045532E0,2.790166438E-1
5.334591250E-1,-2.214894444E-1,-5.510190010E0,2.279457599E-1
5.434961250E-1,-2.138184756E-1,-4.401363850E0,1.096111238E-1
5.535331250E-1,-2.125999480E-1,-3.124167681E0,3.416766971E-2
5.635701250E-1,-2.165334374E-1,-2.161822557E0,2.466763929E-2
5.736071250E-1,-1.648279577E-1,-1.598983884E0,5.175376683E-2
5.836441250E-1,-7.285729051E-2,-1.168622375E0,7.385108620E-2
5.936811250E-1,4.732131958E-2,-7.374336720E-1,1.138538942E-1
6.037181250E-1,1.108843088E-1,-2.805507779E-1,1.230804175E-1
6.137551250E-1,1.021061763E-1,6.013251096E-2,7.969003171E-2
6.237921250E-1,6.180083007E-2,2.929308712E-1,1.247317903E-2
6.338291250E-1,-1.964148879E-2,3.342756331E-1,-4.897879809E-2
6.438661250E-1,-8.086969703E-2,1.525135785E-1,-7.585567981E-2
6.539031250E-1,-7.799608260E-2,-1.685545444E-1,-1.064848080E-1
6.639401250E-1,-6.071163341E-2,-5.824624896E-1,-1.363968849E-1
6.739771250E-1,-1.026798189E-1,-6.809894443E-1,-9.485232085E-2
6.840141250E-1,-1.099113673E-1,-5.284326673E-1,-7.373132557E-2
6.940511250E-1,-8.027684689E-2,-3.711564541E-1,-1.094367951E-1
7.040881250E-1,-4.614337906E-2,-9.572701156E-2,-1.415252239E-1
7.141251250E-1,2.037767088E-3,1.694117785E-1,-7.558787614E-2
7.241621250E-1,1.802525483E-2,4.735122919E-1,1.658519544E-2
7.341991250E-1,2.156839520E-2,6.493684053E-1,5.218821019E-2
7.442371250E-1,-3.200561926E-2,6.827029586E-1,8.700823784E-2
7.542741250E-1,-1.239208281E-1,6.010773778E-1,1.434529573E-1
7.643111250E-1,-1.806168556E-1,4.496843815E-1,1.650389433E-1
7.743481250E-1,-1.958531439E-1,3.144621253E-1,1.401203424E-1
7.843851250E-1,-2.043869793E-1,3.412851989E-1,1.542337686E-1
7.944221250E-1,-2.250803709E-1,5.362825394E-1,2.338957191E-1
8.044591250E-1,-1.910664737E-1,5.904786587E-1,3.268757463E-1
8.144961250E-1,-9.814245999E-2,3.976927996E-1,2.439986765E-1
8.245331250E-1,-1.694641076E-2,2.041858882E-1,1.784183383E-1
8.345701250E-1,4.687339067E-2,1.246999800E-1,1.238455027E-1
8.446101250E-1,9.219639748E-2,1.277492940E-1,6.204151735E-2
8.546471250E-1,9.991353005E-2,1.660084277E-1,-8.722548373E-3
8.646841250E-1,4.847564176E-2,2.175943851E-1,-6.920026988E-2
8.747211250E-1,2.414730843E-4,2.477864474E-1,-8.562628180E-2
8.847581250E-1,-3.336282820E-2,2.451920062E-1,-7.102816552E-2
8.947951250E-1,-5.133247748E-2,1.917480677E-1,-8.235829324E-2
9.048321250E-1,-5.270187557E-2,1.563786268E-1,-1.204630658E-1
9.148691250E-1,-7.001969218E-2,1.940514296E-1,-1.278956234E-1
9.249061250E-1,-8.707430959E-2,2.872492969E-1,-8.580329269E-2
9.349431250E-1,-1.020202711E-1,3.680228889E-1,-2.649217471E-2
9.449801250E-1,-1.058349833E-1,3.678622842E-1,5.232460797E-2
9.550171250E-1,-9.141218662E-2,3.138070405E-1,7.021489739E-2
9.650541250E-1,-6.055947393E-2,2.015537471E-1,4.336836934E-2
9.750911250E-1,-3.549189866E-2,8.875909448E-2,3.427141905E-2
9.851281250E-1,-2.222643048E-2,2.491753362E-2,2.690538019E-2
9.951651250E-1,-2.122637816E-2,1.046969369E-2,1.441902202E-2
1.005202125E0,-3.251791373E-2,1.713398658E-2,4.027900286E-3
1.015239125E0,-4.030825198E-2,3.406670690E-2,-3.152142977E-3
1.025276125E0,-4.788707569E-2,5.372509733E-2,-4.252028652E-3
1.035313125E0,-4.973602295E-2,6.415578723E-2,4.881713539E-5
1.045350125E0,-4.979008436E-2,7.102434337E-2,1.035518246E-3
1.055387125E0,-5.183624476E-2,8.998000622E-2,3.519289894E-3
1.065424125E0,-5.303653330E-2,1.226010621E-1,7.144118659E-3
1.075461125E0,-4.913976789E-2,1.677525192E-1,1.887251856E-3
1.085498125E0,-4.202885926E-2,2.046303749E-1,2.941330662E-3
1.095535125E0,-3.894702345E-2,2.281002551E-1,5.208691582E-3
1.105572125E0,-3.161028028E-2,2.303634137E-1,2.628355054E-3
1.115609125E0,-2.901662141E-2,2.084092200E-1,-4.370165989E-4
1.125646125E0,-3.442124277E-2,1.565601379E-1,-5.195552949E-3
1.135683125E0,-4.179258645E-2,1.110099703E-1,-1.205044333E-2
1.145720125E0,-4.748269916E-2,7.543333620E-2,-1.452052500E-2
1.155757125E0,-4.818818718E-2,6.169380620E-2,-1.080310438E-2
1.165794125E0,-3.659890592E-2,5.928391218E-2,-4.187279847E-3
1.175831125E0,-1.787832752E-2,6.165672094E-2,1.092021912E-2
1.185869125E0,3.734555561E-3,6.029903889E-2,2.343734354E-2
1.195906125E0,2.037050575E-2,5.785824358E-2,3.192660958E-2
1.205943125E0,3.331905976E-2,6.006014720E-2,3.266856819E-2
1.215980125E0,5.286136270E-2,7.122717053E-2,3.182623163E-2
1.226017125E0,7.278659940E-2,9.259690344E-2,2.130141854E-2
1.236054125E0,9.139411896E-2,1.198672503E-1,9.671585634E-3
1.246091125E0,1.138411015E-1,1.405525506E-1,6.497364957E-3
1.256128125E0,1.309004724E-1,1.604124755E-1,6.731051952E-3
1.266165125E0,1.465066075E-1,1.788759083E-1,8.773962967E-3
1.276202125E0,1.533792764E-1,2.006483972E-1,9.140050039E-3
1.286239125E0,1.516444981E-1,2.176636010E-1,9.321411140E-3
1.296276125E0,1.458847821E-1,2.235917896E-1,7.881676778E-3
1.306313125E0,1.390931904E-1,2.102325708E-1,-1.166714355E-5
1.316350125E0,1.166112572E-1,1.760967821E-1,-2.457143972E-3
1.326387125E0,9.245638549E-2,1.294826716E-1,-2.247819677E-3
1.336424125E0,7.511557639E-2,7.207903266E-2,1.020179363E-3
1.346461125E0,5.000143498E-2,2.278631739E-2,4.595473409E-3
1.356498125E0,1.574266329E-2,-1.660697162E-2,9.941065684E-3
1.366535125E0,-2.339381725E-2,-3.617028520E-2,1.522051543E-2
1.376572125E0,-6.041941792E-2,-3.932822496E-2,2.113707922E-2
1.386609125E0,-9.287828952E-2,-3.498567641E-2,2.562823519E-2
1.396646125E0,-1.152569279E-1,-3.189614043E-2,2.373362705E-2
1.406683125E0,-1.265513897E-1,-2.583931386E-2,1.436409447E-2
1.416720125E0,-1.329598725E-1,-9.842843749E-3,2.731068758E-3
1.426757125E0,-1.318389475E-1,1.901969686E-2,-7.987622172E-3
1.436794125E0,-1.200220287E-1,4.588547349E-2,-1.208505500E-2
1.446831125E0,-1.113031060E-1,6.221091375E-2,-1.646036282E-2
1.456868125E0,-1.069327667E-1,6.621061265E-2,-1.842167601E-2
1.466905125E0,-1.040672064E-1,6.551579386E-2,-2.351683564E-2
1.476942125E0,-1.029490307E-1,5.986174196E-2,-1.767236739E-2
1.486979125E0,-1.040619686E-1,4.099005088E-2,-8.811764419E-3
1.497016125E0,-1.195823029E-1,-7.941043936E-3,1.131235994E-2
1.507053125E0,-1.295585185E-1,-7.156822085E-2,1.546023414E-2
1.517090125E0,-1.427218467E-1,-1.140709743E-1,1.804161072E-2
1.527127125E0,-1.436401159E-1,-1.256674379E-1,2.022540197E-2
1.537164125E0,-1.435363740E-1,-1.125635952E-1,1.512946934E-2
1.547201125E0,-1.380521357E-1,-1.021066904E-1,1.153793000E-2
1.557238125E0,-1.251875460E-1,-8.589815348E-2,7.926665712E-4
1.567275125E0,-1.107255071E-1,-7.186675817E-2,-1.514661871E-2
1.577312125E0,-9.111119062E-2,-6.349945068E-2,-2.417144179E-2
1.587349125E0,-7.576659322E-2,-4.664670303E-2,-2.253519557E-2
1.597386125E0,-6.431898475E-2,-3.140041232E-2,-2.327143960E-2
1.607423125E0,-5.004443601E-2,-3.246514499E-2,-3.370863199E-2
1.617461125E0,-4.133484513E-2,-6.068076193E-2,-3.255027905E-2
1.627498125E0,-4.205736145E-2,-1.023613587E-1,-2.787723020E-2
1.637535125E0,-5.147975683E-2,-1.278926432E-1,-2.229088545E-2
1.647572125E0,-5.349656940E-2,-1.285930425E-1,-2.841509134E-2
1.657609125E0,-5.713253841E-2,-1.184029579E-1,-2.685502544E-2
1.667646125E0,-5.874907598E-2,-9.177001566E-2,-2.831949666E-2
1.677683125E0,-5.892468244E-2,-7.062580436E-2,-2.953617461E-2
1.687720125E0,-5.375841632E-2,-5.684687942E-2,-3.127495199E-2
1.697757125E0,-5.516450480E-2,-5.710767210E-2,-3.445620462E-2
1.707794125E0,-6.169670820E-2,-6.323400885E-2,-3.441013396E-2
1.717831125E0,-6.670492142E-2,-7.864191383E-2,-3.258702904E-2
1.727868125E0,-6.785193831E-2,-9.782865644E-2,-2.659491822E-2
1.737905125E0,-6.496438384E-2,-1.264552027E-1,-2.221443877E-2
1.747942125E0,-6.463068724E-2,-1.490111053E-1,-1.142517477E-2
1.757979125E0,-6.464745849E-2,-1.616878062E-1,-2.549531870E-3
1.768016125E0,-6.054405496E-2,-1.680199951E-1,8.197654970E-3
1.778053125E0,-6.437281519E-2,-1.560811698E-1,1.224966440E-2
1.788090125E0,-6.998622417E-2,-1.344238073E-1,1.784230210E-2
1.798127125E0,-7.430964708E-2,-1.172006428E-1,2.380352840E-2
1.808164125E0,-8.049484342E-2,-1.078915596E-1,2.117338777E-2
1.818201125E0,-7.690056413E-2,-1.057917774E-1,1.763832383E-2
1.828238125E0,-6.604791433E-2,-1.254677474E-1,1.261533611E-2
1.838271125E0,-4.899463058E-2,-1.548378915E-1,1.765376888E-2
1.848308125E0,-4.016252235E-2,-1.795339137E-1,1.299270615E-2
1.858345125E0,-3.592783213E-2,-1.985600740E-1,1.426250115E-2
1.868382125E0,-3.064092249E-2,-2.027494907E-1,8.516997099E-3
1.878419125E0,-3.131255880E-2,-1.965674162E-1,9.049668908E-3
1.888456125E0,-3.010934219E-2,-1.855499148E-1,1.078897901E-2
1.898493125E0,-1.676597819E-2,-1.608778983E-1,7.359078154E-3
1.908530125E0,-7.624412421E-3,-1.304419637E-1,6.589158438E-3
1.918567125E0,6.864414550E-3,-1.117339060E-1,-4.445606843E-3
1.928604125E0,1.260858681E-2,-1.080108061E-1,-7.980420254E-3
1.938641125E0,1.730407216E-2,-1.101394370E-1,-1.112659276E-2
1.948678125E0,2.037123404E-2,-1.069726720E-1,-1.288374700E-2
1.958715125E0,1.116023306E-2,-8.600720018E-2,-8.276280016E-3
1.968752125E0,-1.819038298E-4,-5.742668360E-2,7.744724862E-4
1.978789125E0,-2.077047899E-2,-2.074396051E-2,1.287105493E-2
1.988826125E0,-4.875231162E-2,9.697834030E-3,2.280464582E-2
1.998863125E0,-7.557792962E-2,2.337362245E-2,2.119965479E-2
2.008900125E0,-9.086660296E-2,2.640429884E-2,2.081269771E-2
2.018937125E0,-9.655749053E-2,2.865159512E-2,2.074666694E-2
2.028974125E0,-8.535330743E-2,3.525037318E-2,1.707416773E-2
2.039012125E0,-6.403066963E-2,2.891303413E-2,1.580017991E-2
2.049049125E0,-4.945438355E-2,1.252740435E-2,1.081421040E-2
2.059086125E0,-4.338332266E-2,-7.042334881E-3,1.416420797E-3
2.069123125E0,-3.522313014E-2,-3.306275234E-2,-8.962450549E-3
2.079160125E0,-3.358280659E-2,-5.189145729E-2,-1.930923201E-2
2.089197125E0,-3.141046688E-2,-5.300439149E-2,-2.679244801E-2
2.099234125E0,-2.537267655E-2,-4.465933889E-2,-3.101807274E-2
2.109271125E0,-1.704630256E-2,-2.150768042E-2,-3.182714060E-2
2.119308125E0,-1.694830135E-2,1.015888643E-3,-3.379034251E-2
2.129345125E0,-1.684150845E-2,2.857321501E-2,-2.916017175E-2
2.139382125E0,-2.482627891E-2,6.104635820E-2,-3.136885911E-2
2.149419125E0,-3.632074967E-2,8.046372980E-2,-3.108709492E-2
2.159456125E0,-3.962715343E-2,8.393580467E-2,-2.691935189E-2
2.169493125E0,-3.592189401E-2,5.993246660E-2,-2.478802390E-2
2.179530125E0,-2.854470909E-2,1.756016910E-2,-2.765212581E-2
2.189567125E0,-2.166656218E-2,-3.477707133E-2,-3.270574287E-2
2.199604125E0,-1.665110141E-2,-9.044847637E-2,-3.193023801E-2
2.209641125E0,-1.735284366E-2,-1.287540495E-1,-3.486424312E-2
2.219678125E0,-2.845852822E-2,-1.538493633E-1,-2.614625916E-2
2.229715125E0,-3.808905184E-2,-1.613738537E-1,-2.077546157E-2
2.239752125E0,-4.500921071E-2,-1.631112695E-1,-1.996551082E-2
2.249789125E0,-5.021622404E-2,-1.743759066E-1,-2.256768569E-2
2.259826125E0,-5.240054801E-2,-1.820668429E-1,-2.017243765E-2
2.269863125E0,-5.338405073E-2,-1.917517036E-1,-2.205475979E-2
2.279900125E0,-6.241504848E-2,-1.949992776E-1,-1.664490625E-2
2.289937125E0,-5.627912655E-2,-1.575837284E-1,-1.594342850E-2
2.299974125E0,-6.020632386E-2,-1.057940274E-1,-1.226724032E-2
2.310011125E0,-6.315337867E-2,-4.509978741E-2,-1.219826378E-2
2.320048125E0,-6.791135669E-2,7.598198019E-3,-6.935939658E-3
2.330085125E0,-7.417058200E-2,3.309103847E-2,-1.021375880E-2
2.340122125E0,-7.707126439E-2,2.848262899E-2,-9.836325422E-3
2.350159125E0,-7.318171859E-2,1.370607968E-2,-9.067203850E-3
2.360196125E0,-6.768392026E-2,-5.448375596E-4,-4.427849315E-3
2.370233125E0,-5.305810273E-2,-1.176233776E-2,3.655743785E-4
2.380270125E0,-4.491817206E-2,-1.345350966E-2,1.741043990E-3
2.390307125E0,-4.157670587E-2,-1.086917892E-2,1.583917765E-3
2.400344125E0,-3.763741627E-2,-6.786483340E-3,4.599795677E-3
2.410381125E0,-3.930269182E-2,-3.118245164E-3,3.446380841E-3
2.420418125E0,-3.951194137E-2,8.155331016E-3,3.416033695E-3
2.430455125E0,-4.060516879E-2,1.696906239E-2,8.541286923E-3
2.440492125E0,-3.597482666E-2,2.029108815E-2,1.120574865E-2
2.450529125E0,-2.767668478E-2,1.748677902E-2,1.388062723E-2
2.460567125E0,-2.131466381E-2,1.234357152E-2,1.485595014E-2
2.470604125E0,-1.663841866E-2,1.215635054E-2,1.655771211E-2
2.480641125E0,-1.109355874E-2,2.467325144E-2,1.812083274E-2
2.490678125E0,-6.920651067E-3,4.819775000E-2,1.551705971E-2
2.500715125E0,-5.606766790E-3,6.583494693E-2,1.896713674E-2
2.510752125E0,-4.821400158E-3,6.904512644E-2,1.559317857E-2
2.520789125E0,-8.481086232E-3,7.344435900E-2,9.789030999E-3
2.530826125E0,-9.274175391E-3,7.333437353E-2,1.139811426E-2
2.540863125E0,-9.576686658E-3,6.144320965E-2,1.060717180E-2
2.550900125E0,-1.407876052E-2,3.375725076E-2,1.409591362E-2
2.560937125E0,-1.230014302E-2,-2.744520549E-3,1.528459135E-2
2.570974125E0,-9.691044688E-3,-5.438107997E-2,1.777597889E-2
2.581011125E0,-4.311826080E-3,-9.498135746E-2,2.094811201E-2
2.591048125E0,2.916792175E-3,-1.406407058E-1,2.297078259E-2
2.601085125E0,1.163030695E-2,-1.689898521E-1,2.318180352E-2
2.611122125E0,2.377991378E-2,-1.937164962E-1,2.250935510E-2
2.621159125E0,3.019801341E-2,-1.936546266E-1,1.623200253E-2
2.631196125E0,2.881157026E-2,-1.755230278E-1,1.202021260E-2
2.641233125E0,2.385953069E-2,-1.318291128E-1,8.144406602E-3
2.651270125E0,1.762054488E-2,-7.306886464E-2,7.201647386E-3
2.661307125E0,2.099001594E-2,-1.114140078E-2,9.014264680E-3
2.671344125E0,1.768183708E-2,4.595757276E-2,1.243349724E-2
2.681381125E0,1.664239354E-2,8.988379687E-2,9.698836133E-3
2.691418125E0,1.512678899E-2,1.078417599E-1,6.707839668E-3
2.701455125E0,1.264195889E-2,1.126752868E-1,1.543741673E-4
2.711492125E0,1.206644997E-2,1.077630818E-1,-3.582839854E-3
2.721529125E0,8.244445547E-3,1.072489768E-1,-4.409975838E-3
2.731566125E0,-9.253501194E-4,1.116357371E-1,-4.555650987E-3
2.741603125E0,-2.468502615E-3,1.080057174E-1,-3.198011545E-3
2.751640125E0,-1.076957583E-2,9.507927299E-2,-9.854573291E-4
2.761677125E0,-1.781513542E-2,7.711343467E-2,-1.192960422E-3
2.771714125E0,-1.836347952E-2,6.928987056E-2,2.780742245E-3
2.781751125E0,-2.285599150E-2,6.744870543E-2,7.544847205E-3
2.791788125E0,-2.321631834E-2,7.588213682E-2,7.815424353E-3
2.801825125E0,-1.847920194E-2,9.894892573E-2,9.526503272E-3
2.811862125E0,-1.667863876E-2,1.042952240E-1,1.291857194E-2
2.821899125E0,-1.609493978E-2,8.456755430E-2,9.208704345E-3
2.831936125E0,-1.465230435E-2,4.497539997E-2,4.192373715E-3
2.841973625E0,-1.368240546E-2,9.634868242E-3,-4.353461321E-3
2.852010625E0,-1.128023397E-2,-3.999451641E-3,-7.650454529E-3
2.862047625E0,-7.640604395E-3,3.155594692E-3,-9.395970963E-3
2.872084625E0,-1.956619555E-3,1.189529058E-2,-8.827120066E-3
2.882122625E0,4.620962311E-3,1.551688090E-2,-7.808573544E-3
2.892159625E0,1.342963427E-2,3.126256866E-3,-1.222489402E-2
2.902196625E0,2.172907442E-2,-2.761868015E-2,-1.688077115E-2
2.912233625E0,3.311408684E-2,-6.079900637E-2,-1.629114710E-2
2.922270625E0,3.425741196E-2,-8.476483077E-2,-1.696205325E-2
2.932307625E0,2.761362493E-2,-8.015063405E-2,-1.804143377E-2
2.942344625E0,1.956177317E-2,-5.298396572E-2,-1.707261428E-2
2.952381625E0,1.308176853E-2,-1.885661855E-2,-1.331595983E-2
2.962418625E0,7.176316809E-3,2.470780350E-2,-1.798349246E-2
2.972455625E0,8.793653920E-3,6.762091070E-2,-1.703247800E-2
2.982492625E0,1.218303852E-2,1.010194942E-1,-1.885994896E-2
2.992529625E0,2.130702883E-2,1.217972115E-1,-1.922906376E-2
3.002566625E0,2.889394201E-2,1.336651742E-1,-2.318949066E-2
3.012603625E0,3.303222731E-2,1.306819022E-1,-2.991210856E-2
3.022640625E0,3.422491625E-2,1.157407314E-1,-2.954462357E-2
3.032677625E0,3.934537619E-2,9.348735958E-2,-2.977418900E-2
3.042714625E0,4.150236025E-2,6.611645967E-2,-2.615892515E-2
3.052751625E0,4.047518224E-2,4.057142138E-2,-2.787533216E-2
3.062788625E0,3.900467977E-2,1.461098343E-2,-2.314236201E-2
3.072825625E0,3.752183169E-2,-6.492171437E-3,-1.525887288E-2
3.082862625E0,3.584332392E-2,-1.561744791E-2,-1.479264256E-2
3.092899625E0,3.511334956E-2,-1.942443475E-2,-9.229033254E-3
3.102936625E0,2.851244062E-2,-2.297868952E-2,-2.771932632E-3
3.112973625E0,1.982281357E-2,-1.813573204E-2,-2.549558878E-3
3.123010625E0,1.311757043E-2,-1.173345279E-2,-3.551089903E-3
3.133047625E0,5.021028221E-3,-2.814260777E-3,-9.486488998E-4
3.143084625E0,-1.189025352E-3,1.131060813E-2,-9.840964340E-4
3.153121625E0,-5.431707017E-3,2.368205786E-2,-9.992765263E-4
3.163158625E0,-9.212272242E-3,2.428146452E-2,2.632143442E-4
3.173195625E0,-1.078220550E-2,1.916047186E-2,2.832361497E-5
3.183232625E0,-1.213933993E-2,9.217247367E-3,-1.771313837E-3
3.193269625E0,-7.040717639E-3,5.224504275E-5,-2.435506321E-3
3.203306625E0,2.975217067E-4,-2.854975406E-3,-2.375009935E-3
3.213343625E0,6.396253593E-5,-1.202210877E-2,1.131840283E-3
3.223380625E0,6.936071441E-3,-7.683125790E-3,6.134202704E-4
3.233417625E0,4.750947468E-3,-7.635455579E-3,2.419842407E-3
3.243454625E0,3.597056260E-3,-6.318323314E-3,9.358099196E-4
3.253491625E0,3.500649938E-3,-1.412431430E-2,5.347379483E-4
3.263529625E0,-1.173722325E-3,-3.117190115E-2,1.701937057E-3
3.273565625E0,-3.990814090E-3,-5.604262650E-2,3.067339770E-3
3.283603625E0,-7.873825729E-3,-6.290316582E-2,4.038625397E-3
3.293640625E0,-6.736922078E-3,-6.145920232E-2,5.915088579E-3
3.303677625E0,-1.511044102E-3,-4.893027619E-2,2.884339308E-3
3.313714625E0,2.144410973E-3,-2.324914932E-2,2.105254680E-4
3.323751625E0,-1.011457527E-3,1.432713307E-2,-5.861493759E-3
3.333788625E0,-2.674335148E-3,5.155652389E-2,-9.588321671E-3
3.343825625E0,-1.271058805E-2,6.930907816E-2,-7.905372418E-3
3.353862625E0,-1.703289896E-2,7.370436192E-2,-9.582364932E-3
3.363899625E0,-2.121180110E-2,6.162780151E-2,-1.253777184E-2
3.373936625E0,-2.005012892E-2,4.423655942E-2,-1.317453384E-2
3.383973625E0,-1.426736638E-2,2.696025185E-2,-1.276256330E-2
3.394010625E0,-9.078729898E-3,3.000590485E-3,-1.196441427E-2
3.404047625E0,-4.380320664E-3,-1.409617811E-2,-8.943962865E-3
3.414084625E0,-5.137723871E-3,-2.555229887E-2,-8.523450233E-3
3.424121625E0,-7.442714646E-3,-2.775698155E-2,-3.138827160E-3
3.434158625E0,-1.106328238E-2,-2.359605581E-2,-2.289278666E-3
3.444195625E0,-9.666837752E-3,-8.308362216E-3,-2.246407326E-3
3.454232625E0,-2.530962229E-4,4.706505686E-3,-1.054920722E-4
3.464269625E0,7.962104864E-3,1.998919994E-2,-2.671927214E-4
3.474306625E0,1.749435626E-2,3.574685752E-2,-6.453616079E-4
3.484343625E0,2.397644520E-2,4.322311655E-2,-3.349530278E-3
3.494380625E0,2.983220294E-2,4.724076390E-2,-3.565778956E-3
3.504417625E0,3.103625216E-2,4.995113611E-2,-4.299871624E-3
3.514454625E0,2.933262847E-2,4.926909879E-2,3.689157311E-4
3.524491625E0,2.588337474E-2,4.862423241E-2,3.195341909E-3
3.534528625E0,1.864676736E-2,4.560447484E-2,5.841724575E-3
3.544565625E0,1.570384763E-2,3.487143666E-2,6.954149343E-3
3.554602625E0,1.683649048E-2,1.656167395E-2,6.564262323E-3
3.564639625E0,2.048757859E-2,3.190780524E-3,3.554742085E-3
3.574676625E0,2.280852385E-2,-4.000553396E-3,1.018347451E-3
3.584713625E0,2.774505503E-2,-7.697550580E-3,3.989133053E-3
3.594750625E0,3.225058690E-2,-1.227312721E-2,4.593936726E-3
3.604787625E0,3.427856416E-2,-1.433115453E-3,6.692755967E-3
3.614824625E0,3.142338619E-2,5.834384821E-3,8.723948151E-3
3.624861625E0,2.519035339E-2,2.696949989E-2,5.323123187E-3
3.634898625E0,2.005258389E-2,4.790727049E-2,3.123618430E-3
3.644935625E0,1.819496974E-2,6.264182180E-2,3.130915575E-3
3.654972625E0,1.330593787E-2,7.235942781E-2,-1.733081881E-3
3.665009625E0,1.341107115E-2,7.716490328E-2,-3.149249358E-3
3.675047625E0,1.182835363E-2,7.454169542E-2,-2.062679734E-3
3.685084625E0,6.154078990E-3,6.503219157E-2,-3.669867292E-4
3.695121625E0,-1.937935711E-3,5.781476200E-2,4.739092663E-3
3.705158625E0,-5.992492661E-3,5.472545326E-2,9.376337752E-3
3.715195625E0,-7.008488756E-3,6.156844646E-2,9.716955945E-3
3.725232625E0,2.252985723E-3,7.229889184E-2,1.059295516E-2
3.735269625E0,2.210445516E-2,8.752898127E-2,7.938848808E-3
3.745306625E0,3.843773156E-2,9.635977447E-2,1.652568346E-3
3.755343625E0,6.158938631E-2,1.025803834E-1,-2.880930901E-3
3.765380625E0,8.330261707E-2,1.110146865E-1,-5.700035952E-3
3.775417625E0,9.680670500E-2,1.145332530E-1,-1.037601382E-2
3.785454625E0,1.021469310E-1,1.115401611E-1,-1.021596324E-2
3.795491625E0,1.088676825E-1,1.094951183E-1,-5.403897725E-3
3.805528625E0,1.102100760E-1,1.131162569E-1,-7.000193000E-5
3.815565625E0,1.079162955E-1,1.234562472E-1,5.841682665E-3
3.825602625E0,1.015623882E-1,1.367542744E-1,1.189841237E-2
3.835639625E0,9.885368496E-2,1.494024247E-1,1.687692478E-2
3.845676125E0,9.939129651E-2,1.611995995E-1,2.072584257E-2
3.855713125E0,9.770578146E-2,1.699411720E-1,2.544043586E-2
3.865750125E0,9.669899940E-2,1.638005376E-1,3.154928237E-2
3.875787125E0,1.031691432E-1,1.514964700E-1,3.917444497E-2
3.885824125E0,1.028899997E-1,1.371063292E-1,4.463153705E-2
3.895861125E0,1.121444851E-1,1.276771426E-1,5.143990740E-2
3.905898125E0,1.208074465E-1,1.309865564E-1,5.371037871E-2
3.915935125E0,1.303412914E-1,1.471263766E-1,4.808418453E-2
3.925972125E0,1.379130036E-1,1.637562662E-1,4.264263064E-2
3.936009125E0,1.430105567E-1,1.802705377E-1,4.085111991E-2
3.946046125E0,1.423841119E-1,2.036186904E-1,3.586773202E-2
3.956083125E0,1.404394656E-1,2.445679903E-1,2.991476469E-2
3.966120125E0,1.325722039E-1,2.668464184E-1,2.820374258E-2
3.976157125E0,1.239044070E-1,2.546688616E-1,2.755419724E-2
3.986194125E0,1.108760238E-1,2.156581283E-1,2.066628262E-2
3.996231125E0,9.170073271E-2,1.728542000E-1,1.188477408E-2
4.006268125E0,7.185213268E-2,1.598708183E-1,1.436801814E-2
4.016305125E0,4.296535999E-2,1.518531144E-1,1.951271296E-2
4.026342125E0,1.169263385E-2,1.289056540E-1,2.624671720E-2
4.036379125E0,-2.563156933E-2,8.521011472E-2,2.471992746E-2
4.046416125E0,-5.456869304E-2,6.503371894E-2,2.608205751E-2
4.056454125E0,-7.411202788E-2,1.064179093E-1,2.506766096E-2
4.066491125E0,-8.483584970E-2,2.042160630E-1,2.818240598E-2
4.076528125E0,-1.031168550E-1,3.041309416E-1,2.387394756E-2
4.086565125E0,-1.361411363E-1,3.720422983E-1,1.903811470E-2
4.096602125E0,-1.848455518E-1,3.981218338E-1,1.945729554E-2
4.106639125E0,-2.409643382E-1,3.670612574E-1,2.567867376E-2
4.116676125E0,-3.005043566E-1,2.959061265E-1,3.451025113E-2
4.126713125E0,-3.617081642E-1,1.869230717E-1,4.842663929E-2
4.136750125E0,-3.929862082E-1,7.102549076E-2,6.384927034E-2
4.146787125E0,-3.822469115E-1,-1.568873599E-2,6.800869107E-2
4.156824125E0,-3.307970166E-1,-4.389294237E-2,6.754875928E-2
4.166861125E0,-2.574017644E-1,-2.228469960E-2,7.110092044E-2
4.176898125E0,-1.738930047E-1,1.797696948E-2,7.219041884E-2
4.186935125E0,-1.010133922E-1,9.552261233E-2,6.953547150E-2
4.196972125E0,-5.453457683E-2,2.044677436E-1,6.616070867E-2
4.207009125E0,-3.608985990E-2,3.080555201E-1,7.555872947E-2
4.217046125E0,-2.763778530E-2,3.555670977E-1,9.503442049E-2
4.227083125E0,-2.446271665E-2,3.225348592E-1,1.237640604E-1
4.237120125E0,-2.240302786E-2,2.399800718E-1,1.458752304E-1
4.247157125E0,-1.397630014E-2,1.431608349E-1,1.769047827E-1
4.257194125E0,3.136894666E-4,7.175189257E-2,2.108715326E-1
4.267231125E0,1.076696999E-2,5.776172876E-2,2.309125215E-1
4.277268125E0,1.336355135E-2,7.847606391E-2,2.230447382E-1
4.287305125E0,8.754743263E-3,1.173184663E-1,2.015675604E-1
4.297342125E0,2.367151901E-3,1.349720210E-1,1.763865799E-1
4.307379125E0,2.122686477E-3,1.252959222E-1,1.468253434E-1
4.317416125E0,1.052948646E-2,9.023380280E-2,1.058209240E-1
4.327453125E0,2.535265684E-2,4.720725492E-2,5.569152907E-2
4.337490125E0,4.123441875E-2,1.559952646E-2,3.921007738E-3
4.347527125E0,7.153161615E-2,1.166225970E-2,-4.666480795E-2
4.357564125E0,1.083823144E-1,3.392015770E-2,-8.402069658E-2
4.367601125E0,1.541111618E-1,8.049570024E-2,-9.793824703E-2
4.377638125E0,2.031905651E-1,1.294310093E-1,-9.806741029E-2
4.387675125E0,2.364591360E-1,1.844902188E-1,-9.210851789E-2
4.397712125E0,2.546016276E-1,2.215252072E-1,-8.372089267E-2
4.407749125E0,2.509129047E-1,2.453357428E-1,-7.167479396E-2
4.417786125E0,2.367472947E-1,2.324907780E-1,-5.252586678E-2
4.427824125E0,2.175374329E-1,1.956525147E-1,-2.235724032E-2
4.437861125E0,1.957335919E-1,1.363891959E-1,4.291947000E-3
4.447898125E0,1.793622077E-1,5.697818846E-2,3.703454137E-2
4.457935125E0,1.844155639E-1,-2.530576661E-2,6.599988043E-2
4.467972125E0,2.058929205E-1,-9.183886647E-2,7.897135615E-2
4.478009125E0,2.322414368E-1,-1.193288118E-1,7.393559068E-2
4.488046125E0,2.621750534E-1,-1.015198380E-1,6.080607697E-2
4.498083125E0,2.870084941E-1,-5.916759372E-2,4.247421026E-2
4.508120125E0,3.125731051E-1,-1.757513918E-2,3.435543552E-2
4.518157125E0,3.224049509E-1,3.213968500E-2,3.991611302E-2
4.528194125E0,3.280519843E-1,6.535520405E-2,6.294535100E-2
4.538231125E0,3.245869577E-1,8.422849327E-2,9.930095822E-2
4.548268125E0,3.323042691E-1,8.671094477E-2,1.256612092E-1
4.558305125E0,3.462041020E-1,9.057386220E-2,1.336584240E-1
4.568342125E0,3.567837179E-1,1.141177118E-1,1.231500581E-1
4.578379125E0,3.508155644E-1,1.613704562E-1,1.158037260E-1
4.588416125E0,3.208136559E-1,2.268454432E-1,1.361457407E-1
4.598453125E0,2.588285804E-1,2.513425052E-1,1.690789312E-1
4.608490125E0,1.495552510E-1,1.829953641E-1,1.986405551E-1
4.618527125E0,1.620253362E-2,4.730864614E-2,1.993151307E-1
4.628564125E0,-1.182885841E-1,-9.004478157E-2,1.727961898E-1
4.638601125E0,-2.463013977E-1,-1.953565478E-1,1.916188747E-1
4.648638125E0,-3.514659703E-1,-2.526347935E-1,2.254058719E-1
4.658675125E0,-4.199555516E-1,-2.746878862E-1,2.257387638E-1
4.668712125E0,-4.466211200E-1,-3.006903529E-1,1.923277676E-1
4.678749125E0,-4.196004272E-1,-3.484839797E-1,1.295464039E-1
4.688786125E0,-3.434208333E-1,-4.304766953E-1,3.077699617E-2
4.698823125E0,-2.527199388E-1,-5.214750171E-1,-7.425594330E-2
4.708860125E0,-1.453914493E-1,-5.294249058E-1,-1.571483761E-1
4.718897125E0,-2.917056903E-2,-4.364524186E-1,-2.176471502E-1
4.728934125E0,8.538706601E-2,-2.661753297E-1,-2.335480452E-1
4.738971125E0,1.633756012E-1,-7.663787901E-2,-2.242512256E-1
4.749008125E0,1.938518286E-1,1.290239245E-1,-1.919015944E-1
4.759045125E0,1.559436023E-1,3.033888042E-1,-1.322369277E-1
4.769082125E0,6.883219630E-2,3.961120248E-1,-4.617406055E-2
4.779119125E0,-4.208766669E-2,4.398467243E-1,3.256043419E-2
4.789156125E0,-1.478030384E-1,4.805427492E-1,7.866324484E-2
4.799193125E0,-2.227590382E-1,5.101483464E-1,7.967551053E-2
4.809230125E0,-2.492188215E-1,4.672116041E-1,4.937960953E-2
4.819268125E0,-2.552612424E-1,3.191965818E-1,4.065126181E-3
4.829305125E0,-2.325285077E-1,8.750737458E-2,-6.233533472E-2
4.839342375E0,-1.930719167E-1,-1.516836435E-1,-1.503632069E-1
4.849379375E0,-1.557533145E-1,-4.124579132E-1,-2.480632514E-1
4.859416375E0,-1.215218380E-1,-6.500343084E-1,-3.491587341E-1
4.869453375E0,-9.789645672E-2,-8.339096308E-1,-4.325795472E-1
4.879490375E0,-1.089656204E-1,-8.975490928E-1,-4.885980487E-1
4.889527375E0,-1.564246565E-1,-8.295274973E-1,-5.241975188E-1
4.899564375E0,-2.344278544E-1,-6.760729551E-1,-5.273618698E-1
4.909601375E0,-3.218123019E-1,-4.730975926E-1,-5.131235719E-1
4.919638375E0,-4.134388864E-1,-2.346253991E-1,-4.855840802E-1
4.929675375E0,-4.894404113E-1,-5.898009054E-3,-4.397903383E-1
4.939712375E0,-5.389448404E-1,1.731399149E-1,-3.808684349E-1
4.949749375E0,-5.516265035E-1,2.563167512E-1,-3.211573362E-1
4.959786375E0,-5.559522510E-1,2.300332040E-1,-2.592966259E-1
4.969823375E0,-5.434682965E-1,1.490449607E-1,-2.050999105E-1
4.979860375E0,-5.250951648E-1,6.273403764E-2,-1.635037363E-1
4.989897375E0,-5.083646774E-1,-2.124167513E-3,-1.315220147E-1
4.999934375E0,-4.904591739E-1,-6.607944518E-2,-1.123083830E-1
5.009971375E0,-4.768670201E-1,-1.402544528E-1,-1.039930657E-1
5.020008375E0,-4.734672308E-1,-2.403834462E-1,-9.887420386E-2
5.030045375E0,-4.831889272E-1,-3.729333878E-1,-9.015324712E-2
5.040082375E0,-4.857663214E-1,-4.924510121E-1,-6.921361387E-2
5.050119375E0,-4.898466766E-1,-6.056665778E-1,-3.902164847E-2
5.060156375E0,-5.037678480E-1,-6.618552804E-1,-1.777814515E-2
5.070193375E0,-5.262441635E-1,-6.125733852E-1,4.548859783E-3
5.080230375E0,-5.748151541E-1,-4.791391790E-1,3.026887029E-2
5.090267375E0,-6.166771054E-1,-2.751529217E-1,6.418168545E-2
5.100304375E0,-6.489765048E-1,-4.790567979E-2,8.152445406E-2
5.110341375E0,-6.628862023E-1,1.325588673E-1,8.677189052E-2
5.120378375E0,-6.750088930E-1,2.069801092E-1,8.098936826E-2
5.130415375E0,-6.907476783E-1,2.041091770E-1,7.001812756E-2
5.140452375E0,-7.002328038E-1,1.636461765E-1,7.068818063E-2
5.150489375E0,-7.029908895E-1,1.047701538E-1,9.392867982E-2
5.160526375E0,-6.827804446E-1,4.611829296E-2,1.068921536E-1
5.170563375E0,-6.658440828E-1,1.266151667E-2,1.055407897E-1
5.180601375E0,-6.579321027E-1,1.093818620E-2,8.327703178E-2
5.190638375E0,-6.353310347E-1,1.741496474E-2,5.677055568E-2
5.200675375E0,-6.019417048E-1,4.957760684E-3,1.602232829E-2
5.210712375E0,-5.756422281E-1,-7.105551660E-2,-2.405640483E-2
5.220749375E0,-5.431247950E-1,-2.076221555E-1,-5.308805779E-2
5.230786375E0,-5.230787396E-1,-3.696224988E-1,-7.624959201E-2
5.240823375E0,-5.218145251E-1,-4.846497476E-1,-8.998245001E-2
5.250860375E0,-4.882361293E-1,-4.322046340E-1,-9.003779292E-2
5.260897375E0,-3.957309425E-1,-1.086942106E-1,-1.246583536E-1
5.270934375E0,-2.703613341E-1,3.986511230E-1,-2.097769678E-1
5.280971375E0,-5.851965025E-2,9.356564879E-1,-3.412271440E-1
5.291008375E0,2.498390079E-1,1.344810486E0,-4.518305361E-1
5.301045375E0,5.533008575E-1,1.530096173E0,-5.391513705E-1
5.311082375E0,7.441833019E-1,1.436514974E0,-5.680843592E-1
5.321119375E0,7.563997507E-1,9.803116918E-1,-4.538494051E-1
5.331156375E0,6.655881405E-1,3.179814219E-1,-2.986187637E-1
5.341193375E0,5.495893955E-1,-2.304968834E-1,-1.452811658E-1
5.351230375E0,4.243633449E-1,-5.789356232E-1,-1.363757346E-2
5.361267375E0,3.079781532E-1,-7.588295341E-1,7.462890446E-2
5.371304375E0,2.274964899E-1,-8.485216498E-1,1.430706531E-1
5.381341375E0,1.838001311E-1,-8.505941033E-1,1.938677877E-1
5.391378375E0,1.671087146E-1,-6.747819781E-1,2.117964327E-1
5.401415375E0,1.743652970E-1,-3.379996717E-1,2.068043351E-1
5.411452375E0,2.075041533E-1,4.126146436E-2,1.986618489E-1
5.421489375E0,2.769931853E-1,3.808230162E-1,1.982061863E-1
5.431526375E0,3.781594038E-1,6.474502683E-1,1.726262420E-1
5.441563375E0,4.883788526E-1,8.266043067E-1,1.269447803E-1
5.451600375E0,5.763444901E-1,8.876912594E-1,7.144287229E-2
5.461637375E0,6.233745813E-1,8.265287876E-1,3.936189786E-2
5.471674375E0,6.260789037E-1,6.453765035E-1,6.651584804E-2
5.481711375E0,6.160446405E-1,3.977491260E-1,1.434268802E-1
5.491748375E0,6.044209003E-1,9.023343027E-2,2.511846125E-1
5.501785375E0,5.939458609E-1,-1.912014335E-1,3.544830382E-1
5.511822375E0,5.805128217E-1,-3.670460880E-1,4.686562419E-1
5.521860375E0,5.567627549E-1,-4.126367271E-1,5.613827109E-1
5.531897375E0,5.232161283E-1,-3.498040140E-1,6.040188074E-1
5.541934375E0,4.740110338E-1,-2.318374366E-1,6.160944104E-1
5.551971375E0,4.237388074E-1,-1.063873693E-1,6.090809703E-1
5.562008375E0,3.721219599E-1,-6.014131010E-2,5.632886887E-1
5.572045375E0,3.237249255E-1,-8.932403475E-2,5.060569644E-1
5.582082375E0,2.844265401E-1,-1.502339840E-1,4.423525333E-1
5.592119375E0,2.600399852E-1,-1.839178503E-1,3.650701344E-1
5.602156375E0,2.634842694E-1,-1.280114353E-1,2.793754935E-1
5.612193375E0,2.832595706E-1,-1.715762168E-2,2.023382187E-1
5.622230375E0,3.085364103E-1,8.866094798E-2,1.304091662E-1
5.632267375E0,3.551982343E-1,1.262618303E-1,7.379963249E-2
5.642304375E0,4.064883292E-1,5.776798353E-2,3.704641014E-2
5.652341375E0,4.273061454E-1,-8.151914924E-2,7.865455933E-3
5.662378375E0,4.223744869E-1,-2.358908653E-1,-7.209484465E-5
5.672415375E0,4.064701498E-1,-3.641953170E-1,1.077783853E-2
5.682452375E0,3.836897612E-1,-4.421305954E-1,1.540534850E-2
5.692489375E0,3.537972271E-1,-4.722008407E-1,6.161416881E-3
5.702526375E0,3.346759975E-1,-4.582655728E-1,-1.674629562E-2
5.712563375E0,3.325768113E-1,-4.195609093E-1,-3.349155560E-2
5.722600375E0,3.588547409E-1,-3.823794723E-1,-3.801013902E-2
5.732637375E0,4.074846506E-1,-3.268703222E-1,-5.810958892E-2
5.742674375E0,4.823242724E-1,-2.278526574E-1,-9.147446603E-2
5.752711375E0,5.609960556E-1,-8.451110870E-2,-1.317319721E-1
5.762748375E0,6.330204606E-1,8.146961033E-2,-1.802475750E-1
5.772785375E0,6.786128283E-1,2.177630067E-1,-2.357688695E-1
5.782822375E0,7.110469341E-1,2.876856327E-1,-2.705692053E-1
5.792859375E0,7.224283814E-1,3.116339147E-1,-2.631827593E-1
5.802896375E0,7.035678625E-1,3.136448562E-1,-2.184530944E-1
5.812933375E0,6.643280983E-1,2.983534932E-1,-1.568087041E-1
5.822970375E0,6.058011055E-1,2.601768076E-1,-9.220227599E-2
5.833007375E0,5.395228863E-1,1.958367079E-1,-3.854199499E-2
5.843045167E0,4.666460454E-1,8.813687414E-2,1.009770948E-2
5.853082167E0,4.006530046E-1,-4.762944207E-2,6.495198607E-2
5.863119167E0,3.582797050E-1,-1.784851849E-1,1.177890971E-1
5.873156167E0,3.477886021E-1,-3.061866760E-1,1.781994998E-1
5.883194167E0,3.466368020E-1,-4.511617124E-1,2.207954228E-1
5.893231167E0,3.463440239E-1,-6.511146426E-1,2.273408473E-1
5.903268167E0,3.374410868E-1,-8.539095521E-1,2.048185021E-1
5.913305167E0,3.110224307E-1,-8.384970427E-1,1.594356894E-1
5.923342167E0,2.390251905E-1,-4.261806011E-1,1.417794675E-1
5.933379167E0,8.354625851E-2,2.127654701E-1,1.864844412E-1
5.943416167E0,-1.232902706E-1,6.724582314E-1,3.147026002E-1
5.953453167E0,-3.757165372E-1,8.134084940E-1,4.509563446E-1
5.963490167E0,-6.375121474E-1,8.601298928E-1,4.954961240E-1
5.973527167E0,-8.063998222E-1,8.051061034E-1,4.530131817E-1
5.983564167E0,-8.615022302E-1,5.020292997E-1,3.809317946E-1
5.993601167E0,-8.306847811E-1,6.099820137E-2,3.367632031E-1
6.003638167E0,-7.469259501E-1,-2.915079296E-1,3.197890222E-1
6.013675167E0,-5.785865188E-1,-4.598084986E-1,2.983497679E-1
6.023712167E0,-3.622944355E-1,-4.690483510E-1,2.394909710E-1
6.033749167E0,-1.545540392E-1,-3.618701100E-1,1.249886230E-1
6.043786167E0,8.134204894E-3,-2.054133564E-1,-1.766706258E-2
6.053823167E0,9.431549907E-2,-4.760266468E-2,-1.686019003E-1
6.063860167E0,1.361811757E-1,7.175542414E-2,-3.370124698E-1
6.073897167E0,1.686939150E-1,1.236859262E-1,-4.873301983E-1
6.083934167E0,1.877773255E-1,1.474948674E-1,-5.611082911E-1
6.093971167E0,1.254964620E-1,1.586517394E-1,-5.153245926E-1
6.104008167E0,-1.687478460E-2,1.758230031E-1,-4.186697006E-1
6.114045167E0,-1.982625574E-1,1.806723475E-1,-3.464575708E-1
6.124082167E0,-3.840233684E-1,1.407249272E-1,-2.913357317E-1
6.134119167E0,-5.608817339E-1,3.924657032E-2,-2.511530221E-1
6.144156167E0,-7.019217014E-1,-1.239117235E-1,-2.401480377E-1
6.154193167E0,-7.865546942E-1,-2.967127562E-1,-2.678642571E-1
6.164230167E0,-8.123599291E-1,-4.391343594E-1,-3.096788228E-1
6.174267167E0,-7.952886224E-1,-4.615642726E-1,-3.322724700E-1
6.184304167E0,-7.576924562E-1,-3.611460626E-1,-3.579690456E-1
6.194341167E0,-7.145339847E-1,-2.251546830E-1,-3.864796460E-1
6.204378167E0,-6.917346716E-1,-1.063540056E-1,-3.849400878E-1
6.214415167E0,-6.768630147E-1,1.643956057E-3,-3.760893345E-1
6.224452167E0,-6.531800628E-1,4.425666109E-2,-3.673040867E-1
6.234490167E0,-6.107395291E-1,3.793308884E-2,-3.557593822E-1
6.244527167E0,-5.628795624E-1,1.951759867E-2,-3.326774836E-1
6.254564167E0,-5.291993618E-1,3.911931999E-3,-2.846557498E-1
6.264601167E0,-5.136387944E-1,-4.460234195E-2,-2.098414600E-1
6.274638167E0,-5.013910532E-1,-1.081452146E-1,-1.249920279E-1
6.284675167E0,-4.880667031E-1,-1.754912287E-1,-4.857715592E-2
6.294712167E0,-5.040183067E-1,-2.386052907E-1,5.008349195E-3
6.304749167E0,-5.375749469E-1,-2.701483369E-1,5.985322222E-2
6.314786167E0,-5.685767531E-1,-2.793516219E-1,9.526711702E-2
6.324823167E0,-5.867858529E-1,-2.918293476E-1,1.123595536E-1
6.334860167E0,-5.875562429E-1,-3.245121837E-1,1.181536540E-1
6.344897167E0,-5.726990104E-1,-3.636100590E-1,1.115950868E-1
6.354934167E0,-5.537390709E-1,-3.946746886E-1,9.935108572E-2
6.364971167E0,-5.357685685E-1,-4.049747288E-1,8.251164854E-2
6.375008167E0,-5.349361300E-1,-3.801778853E-1,8.544678241E-2
6.385045167E0,-5.323206186E-1,-2.642163932E-1,7.535899431E-2
6.395082167E0,-5.529207587E-1,-3.208563104E-2,2.199042961E-2
6.405119167E0,-6.139484644E-1,2.701999247E-1,-4.749171063E-2
6.415156167E0,-7.072619200E-1,5.510562658E-1,-7.671879232E-2
6.425193167E0,-7.937725782E-1,6.973578334E-1,-7.193309069E-2
6.435230167E0,-8.233123422E-1,6.605412364E-1,-5.348508805E-2
6.445267167E0,-8.036094904E-1,4.802755415E-1,-3.118484281E-2
6.455304167E0,-7.662001252E-1,2.297551036E-1,-1.250378136E-2
6.465341167E0,-7.421554923E-1,-9.611678310E-3,-3.640515264E-3
6.475378167E0,-7.258611321E-1,-2.125425041E-1,-2.896010131E-2
6.485415167E0,-7.149062157E-1,-3.430355191E-1,-7.622774690E-2
6.495452167E0,-6.959702373E-1,-3.902343214E-1,-1.395947188E-1
6.505489167E0,-6.772511601E-1,-4.029767513E-1,-1.946989894E-1
6.515526167E0,-6.466986537E-1,-4.152822793E-1,-2.439837307E-1
6.525563167E0,-6.310576797E-1,-4.440830350E-1,-2.631337047E-1
6.535600167E0,-6.385620832E-1,-4.182614684E-1,-2.467676252E-1
6.545637167E0,-5.686780810E-1,-2.031078935E-1,-2.714386284E-1
6.555674167E0,-4.628821611E-1,2.354070991E-1,-3.721101880E-1
6.565711167E0,-2.836237252E-1,7.954112887E-1,-5.499297380E-1
6.575748167E0,8.000604808E-2,1.288143158E0,-7.542204857E-1
6.585786167E0,5.514407158E-1,1.661591768E0,-9.169220328E-1
6.595823167E0,9.226163626E-1,1.666541934E0,-9.237604141E-1
6.605860167E0,1.040506005E0,1.142931700E0,-7.897376418E-1
6.615897167E0,9.179474711E-1,2.525695860E-1,-5.971012712E-1
6.625934167E0,7.344932556E-1,-6.498069167E-1,-3.819708526E-1
6.635971167E0,6.085491180E-1,-1.270852923E0,-1.670345068E-1
6.646008167E0,5.014075041E-1,-1.480092764E0,-2.434447780E-2
6.656045167E0,3.702567816E-1,-1.319447517E0,4.243417457E-2
6.666082167E0,2.254359573E-1,-9.388590455E-1,7.945344597E-2
6.676119167E0,1.144020408E-1,-4.749957919E-1,1.295925677E-1
6.686156167E0,9.061255306E-2,-1.816726476E-2,2.253984660E-1
6.696193167E0,1.603029668E-1,3.420406580E-1,3.289846480E-1
6.706230167E0,2.754583061E-1,5.902845860E-1,4.042533040E-1
6.716267167E0,3.944406509E-1,7.170993686E-1,4.443208873E-1
6.726304167E0,4.897967279E-1,7.068086863E-1,4.184029996E-1
6.736341167E0,5.726395845E-1,5.702490807E-1,3.514932096E-1
6.746378167E0,6.748729944E-1,3.641915023E-1,3.000222743E-1
6.756415167E0,7.917414308E-1,1.233898550E-1,2.841336429E-1
6.766452167E0,8.769383430E-1,-1.274271905E-1,2.945156991E-1
6.776489167E0,9.132795334E-1,-3.638508022E-1,3.285652399E-1
6.786526167E0,8.927242160E-1,-5.416692495E-1,3.988692462E-1
6.796563167E0,8.286332488E-1,-6.035861969E-1,4.835195839E-1
6.806600167E0,7.272261977E-1,-5.693051815E-1,5.485143065E-1
6.816637167E0,5.937177539E-1,-4.563793540E-1,6.170531511E-1
6.826674167E0,4.724978507E-1,-2.683932185E-1,6.692662835E-1
6.836711167E0,4.089208543E-1,-5.714198202E-2,6.695412397E-1
6.846747667E0,4.168927372E-1,1.371385455E-1,5.902450681E-1
6.856784667E0,4.948758185E-1,2.961211503E-1,4.358717799E-1
6.866821667E0,6.012241244E-1,4.227595031E-1,2.707134485E-1
6.876858667E0,6.923765540E-1,4.359736443E-1,1.557709873E-1
6.886895667E0,7.372843623E-1,3.014145195E-1,1.102495715E-1
6.896932667E0,7.640451193E-1,8.089403063E-2,1.108411402E-1
6.906969667E0,7.894945741E-1,-1.486587524E-1,1.210578233E-1
6.917006667E0,8.082394600E-1,-3.346617818E-1,1.465631723E-1
6.927044667E0,8.146845698E-1,-4.298570156E-1,1.587388664E-1
6.937081667E0,8.006992936E-1,-4.559530914E-1,1.712567359E-1
6.947118667E0,7.779625058E-1,-4.305726290E-1,1.785053313E-1
6.957155667E0,7.671012282E-1,-3.805485964E-1,1.876407564E-1
6.967192667E0,7.760103345E-1,-3.378541470E-1,1.788659096E-1
6.977229667E0,7.909779549E-1,-3.159847558E-1,1.667315811E-1
6.987266667E0,7.995480299E-1,-2.981074750E-1,1.658519357E-1
6.997303667E0,8.078725338E-1,-2.499708533E-1,1.490577757E-1
7.007340667E0,8.236147165E-1,-1.549559236E-1,1.064325497E-1
7.017377667E0,8.508004546E-1,-5.156783015E-2,4.812300950E-2
7.027414667E0,8.859879971E-1,2.845642902E-2,-1.034562849E-2
7.037451667E0,9.294739962E-1,7.816399634E-2,-5.913992226E-2
7.047488667E0,9.693556428E-1,9.516534954E-2,-1.042283028E-1
7.057525667E0,9.979360700E-1,1.046476364E-1,-1.319383085E-1
7.067562667E0,9.865214825E-1,1.371318102E-1,-1.465723813E-1
7.077599667E0,9.372156262E-1,1.962739676E-1,-1.394577026E-1
7.087636667E0,8.588513136E-1,2.521588206E-1,-1.206725612E-1
7.097673667E0,7.686418295E-1,2.770521939E-1,-8.407034725E-2
7.107710667E0,6.622216105E-1,2.649609149E-1,-2.327037789E-2
7.117747667E0,5.679768920E-1,2.103596777E-1,4.750199988E-2
7.127784667E0,5.115189552E-1,8.285070956E-2,1.062140539E-1
7.137821667E0,4.969770908E-1,-8.427125961E-2,1.381912380E-1
7.147858667E0,5.162245035E-1,-1.824572086E-1,1.510604322E-1
7.157895667E0,5.429347754E-1,-2.186339051E-1,1.743328869E-1
7.167932667E0,5.959247947E-1,-2.750822604E-1,1.741312891E-1
7.177969667E0,6.559169292E-1,-3.595935404E-1,1.378468275E-1
7.188006667E0,6.988127232E-1,-4.521298409E-1,9.516967088E-2
7.198043667E0,7.193078995E-1,-5.560727119E-1,7.381384075E-2
7.208080667E0,7.004724145E-1,-6.576853991E-1,5.912677944E-2
7.218117667E0,6.607123017E-1,-7.239035368E-1,4.771142453E-2
7.228154667E0,6.143293381E-1,-6.826061606E-1,2.477441542E-2
7.238191667E0,4.803999960E-1,-2.941845953E-1,-5.587902851E-3
7.248228667E0,2.829923630E-1,4.551538527E-1,-1.576730236E-2
7.258265667E0,8.219843730E-3,1.349790931E0,8.632050455E-2
7.268302667E0,-4.306989014E-1,1.927941918E0,3.082947135E-1
7.278340667E0,-9.624156356E-1,2.338215351E0,5.666360855E-1
7.288377667E0,-1.409979343E0,2.632115126E0,7.629515529E-1
7.298414667E0,-1.559090257E0,2.591003418E0,8.050433397E-1
7.308451667E0,-1.357028484E0,1.949721694E0,6.991741657E-1
7.318488667E0,-9.416329861E-1,7.991796732E-1,4.722176790E-1
7.328525667E0,-4.804600179E-1,-5.244156122E-1,2.473076135E-1
7.338562667E0,-8.487528563E-2,-1.515579939E0,4.902823642E-2
7.348599667E0,2.572543621E-1,-1.922099471E0,-1.535930485E-1
7.358636667E0,5.056730509E-1,-1.816984415E0,-3.440862894E-1
7.368673667E0,6.061045527E-1,-1.401902556E0,-5.224424005E-1
7.378710667E0,6.115418673E-1,-8.933631778E-1,-6.459115744E-1
7.388747667E0,5.692995787E-1,-3.945184648E-1,-6.566814184E-1
7.398784667E0,4.750676155E-1,6.469170004E-2,-5.457354188E-1
7.408821667E0,3.228213489E-1,4.599871039E-1,-4.020235837E-1
7.418858667E0,1.619769633E-1,7.748198509E-1,-2.944722176E-1
7.428895667E0,2.762527019E-2,9.701831937E-1,-2.458996475E-1
7.438932667E0,-7.693781704E-2,1.025712252E0,-2.164793015E-1
7.448969667E0,-1.450404376E-1,9.523986578E-1,-2.099502981E-1
7.459006667E0,-1.718897521E-1,7.939760089E-1,-2.253345996E-1
7.469043667E0,-1.426035017E-1,5.925994515E-1,-2.584510148E-1
7.479080667E0,-8.215446770E-2,4.060282409E-1,-2.766859829E-1
7.489117667E0,-3.933217376E-2,2.198144197E-1,-2.587479949E-1
7.499154667E0,-1.969027519E-2,5.428291485E-2,-2.387863398E-1
7.509191667E0,-3.202710301E-2,-2.546836995E-2,-2.136048377E-1
7.519228667E0,-6.439695507E-2,-3.930228204E-2,-1.891870797E-1
7.529265667E0,-1.056240201E-1,-6.947429478E-2,-1.772009879E-1
7.539302667E0,-1.509453505E-1,-1.117675528E-1,-1.685749888E-1
7.549339667E0,-1.882879287E-1,-1.447121799E-1,-1.795410812E-1
7.559376667E0,-2.169406116E-1,-1.506177485E-1,-2.130630910E-1
7.569413667E0,-2.475829422E-1,-1.252167821E-1,-2.538453937E-1
7.579450667E0,-2.844896019E-1,-9.870231897E-2,-2.681324184E-1
7.589487667E0,-3.191269338E-1,-8.027031273E-2,-2.719337940E-1
7.599524667E0,-3.407340646E-1,-6.395683438E-2,-2.652124763E-1
7.609561667E0,-3.558967710E-1,-3.878330439E-2,-2.704986036E-1
7.619599667E0,-3.663747311E-1,4.995737225E-3,-2.901628315E-1
7.629636667E0,-3.667467535E-1,5.624161661E-2,-3.291800320E-1
7.639673667E0,-3.632616401E-1,1.097423285E-1,-3.531009853E-1
7.649710667E0,-3.641777635E-1,1.684692949E-1,-3.720720112E-1
7.659747667E0,-3.564047515E-1,2.455980331E-1,-3.659157455E-1
7.669784667E0,-3.378875256E-1,3.003808558E-1,-3.428538442E-1
7.679821667E0,-3.389559686E-1,2.789466381E-1,-3.114614189E-1
7.689858667E0,-3.684369028E-1,2.090333253E-1,-2.652976513E-1
7.699895667E0,-4.209606349E-1,1.256816685E-1,-2.133978009E-1
7.709932667E0,-4.678032398E-1,7.346905768E-2,-1.616786718E-1
7.719969667E0,-4.899304211E-1,3.308636323E-2,-1.268618554E-1
7.730006667E0,-4.815768898E-1,-3.339812160E-2,-9.129720181E-2
7.740043667E0,-4.547034502E-1,-1.003593132E-1,-6.235476583E-2
7.750080667E0,-4.187920690E-1,-1.455805898E-1,-4.532944039E-2
7.760117667E0,-3.757137656E-1,-2.007805705E-1,-3.965956345E-2
7.770154667E0,-3.289504945E-1,-2.402534038E-1,-3.770906478E-2
7.780191667E0,-2.919268906E-1,-2.541317940E-1,-2.661476471E-2
7.790228667E0,-2.709246874E-1,-2.847664058E-1,-2.347756177E-2
7.800265667E0,-2.491020411E-1,-3.230640590E-1,-1.518244017E-2
7.810302667E0,-2.287922353E-1,-3.638109565E-1,-3.105803160E-3
7.820339667E0,-2.115651518E-1,-3.899783790E-1,2.228208818E-2
7.830376667E0,-1.968703568E-1,-3.676086366E-1,5.587733537E-2
7.840413667E0,-1.790075749E-1,-2.742280066E-1,9.225781262E-2
7.850450667E0,-1.743161529E-1,-1.316354573E-1,1.402149647E-1
7.860487667E0,-1.944313645E-1,2.235649899E-2,1.921849251E-1
7.870524667E0,-2.163925916E-1,1.718722135E-1,2.300561368E-1
7.880561667E0,-2.093789130E-1,2.806831598E-1,2.539322376E-1
7.890598667E0,-1.607075185E-1,3.512244225E-1,2.427895665E-1
7.900635667E0,-8.071753383E-2,3.825497627E-1,1.959025711E-1
7.910672667E0,2.469011769E-2,3.727698326E-1,1.442122161E-1
7.920709667E0,1.157842800E-1,3.137219250E-1,1.110640392E-1
7.930746667E0,1.813081652E-1,1.580076963E-1,8.934170008E-2
7.940783667E0,2.358352244E-1,-5.951306969E-2,7.278819382E-2
7.950821667E0,2.733660936E-1,-2.862101197E-1,6.866908073E-2
7.960858667E0,3.024127483E-1,-4.644238055E-1,6.283385307E-2
7.970895667E0,3.084093928E-1,-5.698934793E-1,7.278396189E-2
7.980932667E0,2.821283937E-1,-6.083605886E-1,8.577509224E-2
7.990969667E0,2.283088565E-1,-6.090239882E-1,1.015159711E-1
8.001006667E0,1.723285019E-1,-5.734820366E-1,1.163715050E-1
8.011043667E0,1.127914041E-1,-5.076305866E-1,1.283011287E-1
8.021080667E0,6.187899411E-2,-4.044944644E-1,1.383180916E-1
8.031117667E0,1.992168650E-2,-2.725524008E-1,1.424079090E-1
8.041154667E0,-1.118903048E-2,-1.172304377E-1,1.364504993E-1
8.051191667E0,-3.105993941E-2,7.012560964E-2,1.301534623E-1
8.061228667E0,-4.976386577E-2,2.249871492E-1,1.165445670E-1
8.071265667E0,-6.436704099E-2,3.156398237E-1,9.819618613E-2
8.081302667E0,-7.702858001E-2,3.344970942E-1,8.669578284E-2
8.091339667E0,-8.828203380E-2,2.771978676E-1,8.781483769E-2
8.101376667E0,-9.868686646E-2,1.664243788E-1,8.909432590E-2
8.111413667E0,-9.085530788E-2,3.282326506E-3,7.901559025E-2
8.121450667E0,-7.899156213E-2,-1.742447317E-1,6.533530354E-2
8.131487667E0,-5.729878321E-2,-3.109863698E-1,5.278489366E-2
8.141524667E0,-3.296755627E-2,-3.850190938E-1,4.076459259E-2
8.151561667E0,-1.323646307E-2,-3.919891119E-1,3.997549787E-2
8.161598667E0,3.703904804E-3,-3.491359055E-1,3.721539676E-2
8.171635667E0,1.714993827E-2,-2.730070651E-1,3.261611983E-2
8.181672667E0,3.575291485E-2,-1.764001101E-1,2.765438333E-2
8.191709667E0,5.486562848E-2,-6.388154626E-2,2.756729722E-2
8.201746667E0,6.795033813E-2,4.488715529E-2,3.261986747E-2
8.211783667E0,8.118998259E-2,1.328122169E-1,3.165420517E-2
8.221820667E0,9.205460548E-2,1.825350076E-1,3.203683347E-2
8.231857667E0,9.354650229E-2,1.940254867E-1,3.318066150E-2
8.241894667E0,1.017633229E-1,1.637070626E-1,3.236057609E-2
8.251931667E0,1.047061160E-1,1.122039258E-1,2.297586203E-2
8.261968667E0,1.158849075E-1,5.166833848E-2,1.174934208E-2
8.272005667E0,1.294947267E-1,1.536194934E-3,1.394439256E-3
8.282043667E0,1.355558634E-1,-3.110661916E-2,1.525161555E-3
8.292080667E0,1.298300624E-1,-4.807628319E-2,3.781391541E-3
8.302117667E0,1.131769717E-1,-4.644225910E-2,1.168735977E-2
8.312154667E0,1.032782644E-1,-2.502564900E-2,1.606293395E-2
8.322191667E0,9.101946652E-2,-9.581306949E-4,1.519607380E-2
8.332228667E0,8.215779811E-2,2.214559168E-2,1.210441068E-2
8.342265667E0,6.718816608E-2,1.950675435E-2,4.796294495E-3
8.352302667E0,5.734272674E-2,2.126165200E-3,4.473526496E-4
8.362339667E0,4.193339869E-2,-7.824687287E-3,-1.538540237E-4
8.372376667E0,2.257487923E-2,3.440750763E-3,5.702703260E-3
8.382413667E0,4.619630985E-3,2.533276007E-2,1.142291166E-2
8.392450667E0,-1.912937500E-2,4.998297617E-2,1.250628568E-2
8.402487667E0,-3.191996738E-2,6.602966785E-2,8.778798394E-3
8.412524667E0,-4.747655988E-2,7.907462865E-2,5.647453479E-3
8.422561667E0,-5.666261166E-2,8.130666614E-2,8.057221770E-3
8.432598667E0,-7.047829777E-2,7.710552961E-2,6.091009825E-3
8.442635667E0,-7.691710442E-2,6.341245770E-2,3.861314384E-3
8.452672667E0,-8.508341759E-2,5.131984502E-2,1.740372507E-3
8.462709667E0,-8.647465706E-2,3.726767749E-2,-3.322562668E-3
8.472746667E0,-9.358742833E-2,3.100152500E-2,-1.092349086E-2
8.482783667E0,-9.473210573E-2,1.982501149E-2,-1.377520710E-2
8.492820667E0,-8.892881125E-2,1.881673932E-2,-1.296933461E-2
8.502857667E0,-8.508158475E-2,1.290571317E-2,-1.222764235E-2
8.512894667E0,-8.067671955E-2,3.791310359E-3,-6.269085221E-3
8.522931667E0,-7.701459527E-2,3.077529604E-3,-3.147986950E-3
8.532968667E0,-7.485023886E-2,-2.425892744E-3,5.347496830E-3
8.543005667E0,-6.529782712E-2,-1.694623381E-2,1.163047180E-2
8.553042667E0,-5.525877327E-2,-3.764112666E-2,1.152873877E-2
8.563079667E0,-3.207421303E-2,-5.709549040E-2,7.743359543E-3
8.573116667E0,-1.252155285E-2,-6.306363642E-2,4.738515243E-3
8.583153667E0,5.419465713E-3,-6.424596161E-2,4.784279503E-3
8.593191667E0,1.706467010E-2,-5.171792209E-2,8.492731489E-3
8.603228667E0,2.436891384E-2,-3.119038232E-2,1.674539968E-2
8.613265667E0,3.453633189E-2,-1.018123794E-2,2.042029426E-2
8.623302667E0,3.822810575E-2,2.334666671E-3,2.759694122E-2
8.633339667E0,4.650574178E-2,6.729681045E-3,3.041216731E-2
8.643376667E0,5.782687664E-2,3.961931448E-3,2.842053398E-2
8.653413667E0,7.625861466E-2,-7.519222330E-3,2.617442422E-2
8.663450667E0,9.989048541E-2,-1.393912360E-2,2.173634060E-2
8.673487667E0,1.167442948E-1,-1.315642055E-2,1.839753427E-2
8.683524667E0,1.395719051E-1,-7.757728454E-3,1.699153706E-2
8.693561667E0,1.547279507E-1,-1.265847683E-2,2.052048966E-2
8.703598667E0,1.708308756E-1,-1.460118778E-2,1.942761801E-2
8.713635667E0,1.825336069E-1,-1.215560734E-2,2.175841667E-2
8.723672667E0,1.878427416E-1,-7.248231675E-3,2.494592406E-2
8.733709667E0,1.934345812E-1,-5.007980857E-3,2.519146726E-2
8.743746667E0,1.973463148E-1,-6.161922123E-3,2.960940823E-2
8.753783667E0,1.953388304E-1,-5.409579258E-3,2.962192520E-2
8.763820667E0,1.925997436E-1,-1.069869008E-2,2.919328213E-2
8.773857667E0,1.885314882E-1,-1.383962203E-2,3.174991533E-2
8.783894667E0,1.852500588E-1,-1.626825333E-2,3.015843034E-2
8.793931667E0,1.802925915E-1,-1.819158718E-2,2.886307240E-2
8.803968667E0,1.789184511E-1,-2.227971889E-2,2.925264649E-2
8.814005667E0,1.821928024E-1,-1.905010268E-2,2.652876452E-2
8.824042667E0,1.796333641E-1,-1.286856085E-2,2.572944947E-2
8.834079667E0,1.752668470E-1,-3.975101572E-4,2.375498228E-2
8.844120625E0,1.699489802E-1,5.874726921E-3,2.426809072E-2
8.854157625E0,1.656375974E-1,9.397823364E-3,2.078121528E-2
8.864194625E0,1.604979485E-1,1.423710864E-2,1.898743212E-2
8.874231625E0,1.556587219E-1,1.360966731E-2,1.918077841E-2
8.884268625E0,1.483297497E-1,1.710524410E-2,1.728175953E-2
8.894305625E0,1.382885575E-1,1.475047693E-2,1.951215789E-2
8.904342625E0,1.307637095E-1,1.551170927E-2,2.557368949E-2
8.914380625E0,1.180638969E-1,1.600652561E-2,3.445240110E-2
8.924417625E0,1.094168127E-1,1.359073259E-2,3.574048728E-2
8.934454625E0,1.029381454E-1,1.326476224E-2,3.293485194E-2
8.944491625E0,9.992244095E-2,1.383844577E-2,2.854764089E-2
8.954528625E0,1.007754505E-1,7.715039421E-3,2.352651581E-2
8.964565625E0,9.620333463E-2,4.299802240E-3,2.110969834E-2
8.974602625E0,9.123227745E-2,-1.043298165E-3,1.998584345E-2
8.984639625E0,8.016490936E-2,-1.773859549E-4,1.903667673E-2
8.994676625E0,7.444790006E-2,3.071670653E-3,1.899672858E-2
9.004713625E0,6.757565588E-2,1.388668362E-2,1.820424572E-2
9.014750625E0,6.576310843E-2,2.888454311E-2,1.481484063E-2
9.024787625E0,6.518815458E-2,3.746191040E-2,5.208563060E-3
9.034824625E0,6.430718303E-2,3.817829862E-2,9.782542475E-3
9.044861625E0,6.319681555E-2,3.152438253E-2,1.138840336E-2
9.054898625E0,6.155125424E-2,1.216187328E-2,1.534532849E-2
9.064935625E0,6.117297336E-2,-4.359534942E-3,2.014338598E-2
9.074972625E0,5.843337998E-2,-2.117926069E-2,2.082062885E-2
9.085009625E0,5.267119780E-2,-3.278014436E-2,2.479109354E-2
9.095046625E0,5.502383411E-2,-3.594424576E-2,2.198571898E-2
9.105083625E0,5.155839771E-2,-2.890559100E-2,2.158528008E-2
9.115120625E0,5.605647713E-2,-2.908295766E-2,1.774074137E-2
9.125157625E0,6.564635783E-2,-2.998405695E-2,1.205218770E-2
9.135194625E0,6.660909206E-2,-2.869615145E-2,6.610550918E-3
9.145231625E0,7.174752653E-2,-2.191049606E-2,-1.278165728E-3
9.155268625E0,7.383358479E-2,-2.161967941E-2,2.675563330E-3
9.165305625E0,6.988999993E-2,-1.864309981E-2,-1.963987015E-3
9.175342625E0,5.964295566E-2,-1.977281272E-2,3.414533101E-3
9.185379625E0,4.941907525E-2,-1.314297970E-2,5.719400942E-4
9.195416625E0,3.888121247E-2,-7.789879455E-4,3.199947532E-3
9.205453625E0,2.720586397E-2,1.264272165E-2,5.933997221E-3
9.215490625E0,1.420191489E-2,2.392493747E-2,3.231421346E-3
9.225527625E0,-1.831084955E-4,2.677230909E-2,3.781770356E-4
9.235565625E0,-1.255242620E-2,2.599706315E-2,-2.684990875E-3
9.245602625E0,-2.816835791E-2,1.762991957E-2,-3.663675161E-3
9.255639625E0,-4.115339741E-2,-1.220733160E-3,-6.986767519E-3
9.265676625E0,-4.675551504E-2,-2.700204030E-2,-1.212091744E-2
9.275713625E0,-5.114733428E-2,-4.435120523E-2,-1.813619956E-2
9.285750625E0,-5.787087604E-2,-5.923444778E-2,-1.960762963E-2
9.295787625E0,-6.428483874E-2,-5.642933771E-2,-1.880948059E-2
9.305824625E0,-7.815454900E-2,-4.847469181E-2,-1.752123423E-2
9.315861625E0,-8.771795779E-2,-3.730086610E-2,-1.511187200E-2
9.325898625E0,-9.278572351E-2,-2.671343274E-2,-1.889297180E-2
9.335935625E0,-9.963670373E-2,-2.082731389E-2,-1.342523471E-2
9.345972625E0,-9.561723471E-2,-1.952148229E-2,-1.383596845E-2
9.356009625E0,-9.665986151E-2,-2.012894861E-2,-1.552574337E-2
9.366046625E0,-9.286152571E-2,-2.633222006E-2,-1.731429249E-2
9.376083625E0,-9.204979241E-2,-3.052403592E-2,-1.901019178E-2
9.386120625E0,-9.539037198E-2,-3.194813058E-2,-1.799090765E-2
9.396157625E0,-9.920747578E-2,-3.060829639E-2,-1.408431679E-2
9.406194625E0,-1.015683115E-1,-3.902917355E-2,-1.080321986E-2
9.416231625E0,-1.049161702E-1,-5.491173267E-2,-8.476149291E-3
9.426268625E0,-1.040517017E-1,-7.220379263E-2,-3.195432713E-3
9.436305625E0,-9.922259301E-2,-9.200679511E-2,-3.849771572E-3
9.446342625E0,-9.177612513E-2,-1.122066006E-1,-1.423099078E-3
9.456379625E0,-8.134585619E-2,-1.264880747E-1,-1.960791182E-3
9.466416625E0,-7.271961868E-2,-1.317298114E-1,-3.014805261E-3
9.476453625E0,-6.572109461E-2,-1.348467767E-1,-1.992684091E-3
9.486490625E0,-5.316022411E-2,-1.351241320E-1,-2.012107521E-3
9.496527625E0,-4.315153509E-2,-1.376064718E-1,5.879105069E-3
9.506564625E0,-3.210492432E-2,-1.348166317E-1,5.146554671E-3
9.516601625E0,-1.883758605E-2,-1.399911493E-1,1.293097436E-2
9.526638625E0,-1.339185424E-2,-1.406693608E-1,1.447343733E-2
9.536675625E0,-4.933627322E-2,-8.405321091E-2,3.119036555E-2
9.546713625E0,-2.982058376E-2,-1.562697142E-1,2.606785670E-2
9.556750625E0,-2.118341997E-2,-2.065408677E-1,3.438703716E-2
9.566787625E0,1.943479059E-3,-2.622386217E-1,1.300658099E-2
9.576824625E0,-2.185719274E-2,-2.836059630E-1,3.530948982E-2
9.586861625E0,-4.260923713E-3,-2.479077131E-1,3.311436996E-2
9.596898625E0,5.449826270E-2,-2.018081248E-1,4.840304703E-2
9.606935625E0,1.002132893E-1,-1.562723368E-1,2.404550835E-2
9.616972625E0,2.398604006E-1,1.305309008E-3,-2.468447946E-2
9.627009625E0,1.122428775E-1,-8.072350174E-2,-4.515537620E-2
9.637046625E0,1.991956085E-1,2.517053392E-3,-1.644410193E-2
9.647083625E0,2.496668100E-1,1.466408968E-1,-5.789654795E-3
9.657120625E0,2.333570868E-1,1.036356464E-1,-4.713603109E-2
9.667157625E0,1.386588067E-1,7.108205557E-2,-6.136837602E-2
9.677194625E0,1.055341288E-1,1.195619777E-1,2.008813620E-2
9.687231625E0,1.358260512E-1,7.517553121E-2,5.026270449E-2
9.697268625E0,1.654025912E-1,8.923701942E-2,-1.379084494E-2
9.707305625E0,1.945769787E-1,2.269951552E-1,-1.180096641E-1
9.717342625E0,2.138310969E-1,3.376803994E-1,-1.804671735E-1
9.727379625E0,1.815966219E-1,3.953159153E-1,-1.907627881E-1
9.737416625E0,9.901944548E-2,4.224362075E-1,-1.777931899E-1
9.747453625E0,7.432219386E-2,4.906337559E-1,-1.901820004E-1
9.757490625E0,6.632445008E-2,5.159068704E-1,-1.786057651E-1
9.767527625E0,5.687405169E-2,4.410478473E-1,-1.006725952E-1
9.777564625E0,5.798245966E-2,3.780608773E-1,-5.331426859E-3
9.787601625E0,7.955560833E-2,2.847664356E-1,1.429193001E-2
9.797638625E0,9.241255373E-2,1.703532934E-1,3.711990779E-3
9.807675625E0,6.587318331E-2,3.738897666E-2,-1.617387310E-2
9.817712625E0,1.147039793E-2,-8.697905391E-2,-2.436309308E-2
9.827749625E0,-1.475462131E-2,-1.617743373E-1,-2.185947634E-2
9.837787625E0,-3.618880734E-2,-2.341276258E-1,6.367634516E-3
9.847820625E0,-4.765259475E-2,-2.603150904E-1,6.574375182E-2
9.857857625E0,-4.745738581E-2,-2.586894929E-1,9.843644500E-2
9.867894625E0,-2.482955344E-2,-2.753731906E-1,9.946084023E-2
9.877931625E0,1.299479045E-2,-3.347182572E-1,9.600006789E-2
9.887968625E0,3.804998472E-2,-4.179553688E-1,9.073896706E-2
9.898005625E0,5.165554211E-2,-4.511735141E-1,8.175718784E-2
9.908042625E0,4.857215285E-2,-4.060466886E-1,7.397091389E-2
9.918079625E0,3.903936967E-2,-3.282363117E-1,8.647978306E-2
9.928116625E0,3.729928657E-2,-2.551650405E-1,9.786313772E-2
9.938153625E0,4.584270716E-2,-1.680676937E-1,9.526841342E-2
9.948190625E0,6.458929926E-2,-1.271917373E-1,5.725580826E-2
9.958227625E0,8.144338429E-2,-6.731136888E-2,-6.653133780E-3
9.968264625E0,9.126408398E-2,-2.006479539E-2,-3.962286189E-2
9.978301625E0,8.557503670E-2,-4.505589977E-2,-4.421548545E-2
9.988338625E0,6.541552395E-2,-8.330716193E-2,-2.780672908E-2
9.998375625E0,5.000168085E-2,-1.024867147E-1,-8.824515156E-3
1.000841263E1,4.537608474E-2,-1.338719726E-1,2.324148454E-2
1.001844963E1,3.225628659E-2,-1.357543021E-1,3.979302943E-2
1.002848663E1,1.051551756E-2,-9.333859384E-2,6.413231790E-2
1.003852363E1,-1.374401618E-2,-4.982654005E-2,9.614697844E-2
1.004856063E1,-1.848542131E-2,-1.577606238E-2,9.787870198E-2
1.005859763E1,-1.897890493E-2,5.302563682E-2,8.052821457E-2
1.006863463E1,-2.560287900E-2,1.435081512E-1,7.114147395E-2
1.007867163E1,-5.881036445E-2,2.803898454E-1,8.382131159E-2
1.008870863E1,-5.531372130E-2,4.436664879E-1,6.811790168E-2
1.009874563E1,1.099952217E-2,6.574562788E-1,4.915964976E-2
1.010878263E1,5.160935223E-2,7.720839977E-1,4.368640855E-2
1.011881963E1,3.475926444E-2,6.632965207E-1,4.857543856E-2
1.012885663E1,7.302377373E-3,6.624280810E-1,5.965220183E-2
1.013889463E1,-2.845535427E-2,7.587429285E-1,8.126828074E-2
1.014893163E1,-8.030865341E-3,8.989090919E-1,5.476714671E-2
1.015896863E1,3.158445656E-2,1.057747245E0,3.548612446E-2
1.016900563E1,8.152673393E-2,1.237479329E0,5.799463019E-2
1.017904263E1,1.368086189E-1,1.509300113E0,9.495451301E-2
1.018907963E1,1.013836935E-1,1.767998695E0,1.558053941E-1
1.019911663E1,1.752174925E-3,1.851325035E0,1.803051382E-1
1.020915363E1,-3.952401876E-2,1.880242586E0,1.549490243E-1
1.021919063E1,-2.298206277E-2,1.931050897E0,1.227356941E-1
1.022922763E1,2.169624716E-2,1.993257523E0,1.010141596E-1
1.023926463E1,9.636302292E-2,2.225206137E0,7.761535794E-2
1.024930163E1,9.908090532E-2,2.329969645E0,7.289647311E-2
1.025933863E1,8.855316043E-2,2.521550179E0,4.859992117E-2
1.026937563E1,-3.250830341E-3,2.585633039E0,4.900670797E-2
1.027941263E1,-1.002814993E-1,2.447176456E0,3.396410868E-2
1.028944963E1,-1.449262351E-1,2.418724060E0,3.629224841E-3
1.029948663E1,-1.207905337E-1,2.525774956E0,-4.473564401E-2
1.030952363E1,-2.866684645E-2,2.506181479E0,-5.889749154E-2
1.031956063E1,7.758396119E-2,2.535223246E0,-5.297408998E-2
1.032959763E1,1.678185016E-1,2.427253723E0,-1.779387146E-2
1.033963463E1,1.739989072E-1,2.376110792E0,4.545620456E-2
1.034967163E1,6.603294611E-2,2.324503660E0,1.008140594E-1
1.035970863E1,-3.148242459E-2,2.392434120E0,9.128339589E-2
1.036974563E1,-1.342499554E-1,2.518646479E0,8.218567818E-2
1.037978263E1,-2.052551508E-1,2.785393000E0,5.533196032E-2
1.038981963E1,-2.242804617E-1,3.055291891E0,2.596642077E-2
1.039985663E1,-1.642597318E-1,3.214059353E0,1.291027479E-2
1.040989363E1,-9.754528292E-3,3.154890060E0,3.688697238E-3
1.041993063E1,1.062634215E-1,3.050330400E0,-2.466491424E-2
1.042996763E1,1.854060590E-1,3.071472406E0,-6.392673403E-2
1.044000463E1,1.733997315E-1,3.077901602E0,-6.280394644E-2
1.045004262E1,1.457274109E-1,3.139467716E0,-2.434761636E-2
1.046007962E1,1.334601045E-1,3.330744982E0,1.937269978E-2
1.047011662E1,1.378747523E-1,3.578927517E0,5.863460526E-2
1.048015362E1,1.258633584E-1,3.782228708E0,7.775183767E-2
1.049019062E1,6.975641102E-2,3.847727776E0,1.124895811E-1
1.050022762E1,-2.020305023E-3,3.821933270E0,1.539078504E-1
1.051026462E1,-4.379663989E-2,3.757737637E0,1.559523195E-1
1.052030162E1,-1.001182348E-1,3.735249519E0,1.232428476E-1
1.053033862E1,-1.604890227E-1,3.770104408E0,9.297047555E-2
1.054037562E1,-1.502843201E-1,3.832127333E0,9.486691654E-2
1.055041262E1,-1.904193498E-2,3.922707319E0,9.694989771E-2
1.056044962E1,1.781507581E-1,3.969751596E0,6.192426011E-2
1.057048662E1,3.569563329E-1,3.987987041E0,3.120613284E-2
1.058052362E1,2.941382229E-1,3.912221670E0,9.189771116E-2
1.059056062E1,7.115060836E-2,3.764160156E0,1.722532511E-1
1.060059762E1,-1.074353829E-1,3.548476219E0,1.749222726E-1
1.061063462E1,-2.044041455E-1,3.391367435E0,1.518392265E-1
1.062067162E1,-2.080505490E-1,3.179357529E0,1.500828564E-1
1.063070862E1,-1.225680709E-1,2.909503222E0,1.575110406E-1
1.064074562E1,1.925058477E-2,2.699483395E0,1.473569423E-1
1.065078262E1,1.933767945E-1,2.511049509E0,1.273585707E-1
1.066081962E1,3.497080505E-1,2.296771526E0,1.247939467E-1
1.067085662E1,3.468374610E-1,1.980120420E0,1.468399465E-1
1.068089362E1,2.545179129E-1,1.565678000E0,1.727149487E-1
1.069093062E1,1.866150796E-1,1.118033051E0,1.872769296E-1
1.070096762E1,1.429400444E-1,7.535401583E-1,1.941342950E-1
1.071100462E1,6.155289710E-2,5.136858225E-1,1.873489916E-1
1.072104162E1,-2.282856405E-2,4.000687003E-1,1.570315659E-1
1.073107863E1,-3.530483693E-2,3.230469823E-1,1.288118660E-1
1.074111563E1,1.764945686E-2,2.148845494E-1,1.171749309E-1
1.075115263E1,7.471721619E-2,1.120772883E-1,1.064947024E-1
1.076118963E1,8.933450282E-2,8.048846573E-2,9.962188452E-2
1.077122663E1,3.231609613E-2,1.762936711E-1,9.790170193E-2
1.078126463E1,2.832588553E-2,2.269248813E-1,8.285377920E-2
1.079130163E1,9.247542918E-2,1.748436242E-1,8.910326660E-2
1.080133863E1,8.605401963E-2,1.241687313E-1,9.906375408E-2
1.081137563E1,4.603413492E-2,9.051325172E-2,1.040389761E-1
1.082141263E1,-8.332969621E-3,1.415902823E-1,1.041686684E-1
1.083144963E1,-3.347929195E-2,1.979752630E-1,9.017345309E-2
1.084148663E1,-3.385586292E-2,2.157492042E-1,8.186651766E-2
1.085152388E1,-1.907336898E-2,1.811716855E-1,7.487314939E-2
1.086156088E1,-7.403929718E-3,1.357469410E-1,7.424064726E-2
1.087159788E1,-1.008003950E-2,1.031164080E-1,7.051644474E-2
1.088163488E1,-2.112257108E-2,6.808865070E-2,6.595312059E-2
1.089167188E1,-2.347918414E-2,2.868544310E-2,5.925419927E-2
1.090170888E1,-2.318037674E-2,-7.606784813E-3,5.805151910E-2
1.091174588E1,-2.067412995E-2,-3.459226340E-2,5.802074820E-2
1.092178288E1,-2.012551948E-2,-2.304826118E-2,4.809994251E-2
1.093181988E1,-3.476620093E-2,-1.119834557E-2,4.249220341E-2
1.094185688E1,-3.944564238E-2,-1.959609240E-2,4.527920112E-2
1.095189388E1,-4.402497411E-2,-4.204818606E-2,4.662800953E-2
1.096193088E1,-6.018823385E-2,-8.600819111E-2,5.223263055E-2
1.097196788E1,-5.063236877E-2,-1.718765050E-1,6.440778822E-2
1.098200488E1,-8.580256253E-3,-2.953933775E-1,6.888935715E-2
1.099204188E1,9.880525991E-3,-3.766534030E-1,6.763621420E-2
1.100207888E1,-1.614202000E-2,-3.785061538E-1,5.223834515E-2
1.101211588E1,-5.829880759E-2,-3.041565120E-1,4.080152884E-2
1.102215288E1,-7.656542957E-2,-2.064608335E-1,3.151082620E-2
1.103218988E1,-8.080542833E-2,-1.374381632E-1,3.787219152E-2
1.104222688E1,-9.638173133E-2,-1.016838849E-1,4.693865776E-2
1.105226388E1,-9.339188784E-2,-6.887090206E-2,9.413796663E-2
1.106230088E1,-8.795637637E-2,-4.820903018E-2,1.697714627E-1
1.107233788E1,-3.854642510E-1,3.794741333E-1,8.910618722E-2
1.108237488E1,-2.478855848E-1,3.895744383E-1,7.696910203E-2
1.109241188E1,-2.024306506E-1,4.459063709E-1,7.721693814E-2
1.110244888E1,-2.641541958E-1,4.943473935E-1,3.791190451E-3
1.111248588E1,-1.150084361E-1,3.391343057E-1,-4.383299872E-2
1.112252288E1,1.062298752E-2,2.083887905E-1,-6.411323696E-2
1.113256088E1,3.062790073E-2,1.800219566E-1,-5.511473864E-2
1.114259788E1,4.248759709E-3,1.969048083E-1,-2.052506804E-2
1.115263488E1,-6.506930292E-2,3.048966825E-1,1.696215197E-2
1.116267188E1,-9.256670624E-2,3.543598354E-1,5.522298813E-2
1.117270888E1,-2.413040213E-2,2.133511007E-1,6.452684850E-2
1.118274588E1,5.321605131E-2,3.409506381E-2,5.919360369E-2
1.119278288E1,1.939831674E-1,-2.385019064E-1,6.149367243E-2
1.120281988E1,3.647490442E-1,-6.514465809E-1,7.570749521E-2
1.121285688E1,4.183158875E-1,-9.646184444E-1,9.037099779E-2
1.122289388E1,9.352662414E-2,-8.030020595E-1,2.969593927E-2
1.123293088E1,-1.832545251E-1,-4.453747571E-1,8.216649294E-2
1.124296788E1,-1.857323349E-1,-1.795273572E-1,2.580894530E-2